artist,track,danceability,energy,key,loudness,mode,speechiness,acousticness,instrumentalness,liveness,valence,tempo,duration_ms
Fifth Harmony,Work from Home (feat. Ty Dolla $ign),0.803,0.585,8,-5.861,1,0.0432,0.103,3.94E-06,0.0644,0.593,105.017,214480
Imagine Dragons,Believer,0.776,0.78,10,-4.374,0,0.128,0.0622,0,0.081,0.666,124.949,204347
Shawn Mendes,Stitches,0.746,0.754,1,-6.684,1,0.0676,0.0152,0,0.0486,0.746,149.882,206880
Camila Cabello,Havana (feat. Young Thug),0.765,0.523,2,-4.333,1,0.03,0.184,3.56E-05,0.132,0.394,104.988,217307
Sia,Cheap Thrills,0.628,0.698,6,-5.608,0,0.105,0.0472,0.00143,0.0907,0.732,89.976,211667
The Chainsmokers,Something Just Like This,0.617,0.635,11,-6.769,0,0.0317,0.0498,1.44E-05,0.164,0.446,103.019,247160
Camila Cabello,Crying in the Club,0.334,0.617,6,-5.834,0,0.383,0.334,0,0.163,0.603,85.227,216391
Shawn Mendes,I Know What You Did Last Summer,0.695,0.761,9,-4.582,0,0.0864,0.104,0,0.147,0.745,113.965,223853
Fifth Harmony,No Way,0.544,0.872,6,-6.119,1,0.314,0.184,0.000121,0.109,0.482,89.543,177267
Marian Hill,Back To Me,0.874,0.377,0,-6.36,1,0.0784,0.632,0.00082,0.0691,0.539,84.986,172467
Liam Payne,Strip That Down (feat. Quavo),0.873,0.495,6,-5.446,1,0.0518,0.199,0,0.0805,0.546,106.033,202062
Dinah Jane,Bottled Up,0.843,0.58,2,-4.271,1,0.0591,0.107,1.84E-05,0.0645,0.638,98.023,199301
Camila Cabello,I Have Questions,0.393,0.555,10,-6.096,0,0.276,0.405,0,0.105,0.22,167.999,221881
Fifth Harmony,Scared of Happy,0.714,0.837,6,-3.252,1,0.0398,0.177,2.09E-05,0.114,0.479,112.009,203533
Khalid,Love Lies (with Normani),0.708,0.648,6,-5.626,1,0.0449,0.0956,0,0.134,0.338,143.955,201707
Justin Bieber,Sorry,0.654,0.76,0,-3.669,0,0.045,0.0797,0,0.299,0.41,99.945,200787
Demi Lovato,Sorry Not Sorry,0.705,0.64,11,-6.928,0,0.225,0.0237,0,0.262,0.887,144.077,203760
Halsey,Strangers,0.69,0.784,11,-4.724,1,0.056,0.01,4.08E-05,0.22,0.284,109.969,221206
Taylor Swift,I Don’t Wanna Live Forever (Fifty Shades Darker),0.731,0.445,0,-8.418,1,0.0533,0.0586,1.96E-05,0.14,0.106,117.97,247160
Normani,Slow Down (with Calvin Harris),0.853,0.693,0,-4.337,1,0.0524,0.0855,7.16E-05,0.11,0.547,124.049,205986
The Chainsmokers,Paris,0.653,0.658,2,-6.428,1,0.0304,0.0215,1.66E-06,0.0939,0.219,99.99,221507
Lauren Jauregui,Expectations,0.576,0.443,4,-7.477,0,0.0754,0.00923,1.88E-06,0.124,0.452,180.08,204067
Dinah Jane,Fix It,0.754,0.66,10,-4.56,0,0.0545,0.0554,0,0.0972,0.356,128.939,202003
Normani,Checklist (with Calvin Harris) (feat. WizKid),0.89,0.624,1,-3.966,1,0.103,0.0944,5.16E-06,0.0903,0.762,116.046,169814
Kygo,It Ain't Me (with Selena Gomez),0.64,0.533,0,-6.596,1,0.0706,0.119,0,0.0864,0.515,99.968,220781
Halsey,Now Or Never,0.67,0.585,6,-4.861,0,0.0354,0.107,1.11E-06,0.131,0.447,110.03,214802
The Vamps,I Found A Girl,0.717,0.856,4,-4.68,1,0.0565,0.118,0,0.274,0.645,89.982,179440
Harry Styles,Sign of the Times,0.516,0.595,5,-4.63,1,0.0313,0.0275,0,0.109,0.222,119.972,340707
Niall Horan,Slow Hands,0.735,0.425,0,-6.648,1,0.0466,0.011,0,0.055,0.848,85.894,188174
Demi Lovato,Tell Me You Love Me,0.538,0.6,6,-5.463,1,0.0489,0.0273,0,0.147,0.26,81.888,236987
Little Mix,No More Sad Songs (feat. Machine Gun Kelly),0.709,0.779,7,-3.534,0,0.0464,0.0777,7.47E-06,0.306,0.701,102.024,225200
Katy Perry,Chained To The Rhythm,0.446,0.8,0,-5.404,1,0.174,0.0814,0,0.199,0.474,189.89,237733
Dinah Jane,Retrograde,0.845,0.602,11,-7.368,0,0.257,0.0714,0.000146,0.157,0.635,82.525,202249
Normani,Waves (feat. 6LACK),0.578,0.588,0,-4.92,0,0.255,0.415,0,0.114,0.3,79.174,215671
Miley Cyrus,Malibu,0.573,0.781,8,-6.406,1,0.0555,0.0767,2.64E-05,0.0813,0.343,139.934,231907
Hailee Steinfeld,Most Girls,0.756,0.572,9,-7.019,1,0.0763,0.0478,0,0.0853,0.417,102.986,204400
Little Mix,Power (feat. Stormzy),0.586,0.865,7,-4.092,1,0.319,0.0345,5.55E-06,0.165,0.468,172.917,242293
Hayley Kiyoko,Girls Like Girls,0.611,0.701,6,-5.235,1,0.0248,0.0109,9.83E-06,0.0994,0.604,142.027,229656
Taylor Swift,...Ready For It?,0.613,0.764,2,-6.509,1,0.136,0.0527,0,0.197,0.417,160.015,208187
Lauren Jauregui,More Than That,0.595,0.442,4,-12.899,0,0.282,0.0709,0,0.139,0.297,48.702,158733
Cashmere Cat,Quit (feat. Ariana Grande),0.44,0.413,0,-7.365,0,0.0407,0.105,3.40E-05,0.0997,0.141,86.911,258188
Katy Perry,Bon appétit,0.799,0.794,6,-5.834,1,0.0628,0.13,8.23E-05,0.221,0.524,106.031,227813
Little Mix,Woman Like Me (feat. Nicki Minaj),0.754,0.854,5,-3.449,0,0.0608,0.177,0,0.0808,0.8,75.002,229720
ZAYN,Dusk Till Dawn - Radio Edit,0.258,0.437,11,-6.593,0,0.039,0.101,1.27E-06,0.106,0.0967,180.043,239000
One Direction,They Don't Know About Us,0.512,0.754,0,-6.031,1,0.0549,0.135,0,0.0881,0.336,147.89,201693
Evan Blum,Camila Cabello,0.682,0.46,9,-8.935,1,0.0373,0.395,6.59E-06,0.0741,0.8,166.125,96705
Ariana Grande,God is a woman,0.602,0.658,1,-5.934,1,0.0558,0.0233,6.00E-05,0.237,0.268,145.031,197547
Lady Gaga,The Cure,0.697,0.506,8,-4.863,1,0.0325,0.0792,0,0.0893,0.516,100.002,211364
Selena Gomez,Fetish (feat. Gucci Mane),0.708,0.618,2,-4.424,1,0.0592,0.0204,6.81E-06,0.062,0.265,123.013,186113
Demi Lovato,Sexy Dirty Love,0.59,0.748,4,-4.448,0,0.249,0.000957,2.19E-05,0.0552,0.831,105.114,213173
Justin Bieber,Friends (with BloodPop®),0.743,0.735,8,-5.337,1,0.0382,0.00389,0,0.304,0.631,104.979,189467
James Arthur,Say You Won't Let Go,0.358,0.557,10,-7.398,1,0.059,0.695,0,0.0902,0.494,85.043,211467
Iggy Azalea,Switch,0.914,0.63,4,-6.158,0,0.0557,0.0028,0.00921,0.391,0.376,109.993,189600
RedOne,Boom Boom,0.749,0.759,7,-8.065,0,0.0451,0.00453,0,0.202,0.584,110.004,248364
Ariana Grande,"thank u, next",0.717,0.653,1,-5.634,1,0.0658,0.229,0,0.101,0.412,106.966,207320
Little Mix,Secret Love Song (feat. Jason Derulo),0.534,0.642,9,-3.971,1,0.0504,0.259,0,0.29,0.131,92.963,249813
Katy Perry,Swish Swish,0.839,0.705,5,-5.194,0,0.0445,0.0184,1.77E-05,0.102,0.575,119.954,242520
Meghan Trainor,Like I'm Gonna Lose You (feat. John Legend),0.63,0.53,0,-7.259,1,0.0434,0.4,0,0.177,0.417,108.038,225053
Chris Jauregui,Next Life,0.676,0.492,0,-7.856,0,0.0444,0.372,0,0.115,0.579,84.994,183589
Gia Woods,Only a Girl,0.627,0.472,4,-4.083,0,0.0588,0.144,0,0.0851,0.188,168.017,213159
Hayley Kiyoko,Cliffs Edge,0.689,0.601,0,-6.584,1,0.0464,0.00196,0.000504,0.104,0.654,79.982,213261
DJ Khaled,Wild Thoughts (feat. Rihanna & Bryson Tiller),0.671,0.672,0,-3.094,0,0.0688,0.0329,0,0.118,0.632,97.979,204173
Ariana Grande,breathin,0.568,0.656,8,-5.413,1,0.0433,0.0211,1.37E-05,0.213,0.364,100.049,198160
Silk City,Electricity (with Dua Lipa),0.588,0.67,0,-6.439,1,0.0473,0.0104,3.33E-06,0.338,0.505,118.159,238173
Zara Larsson,Ruin My Life,0.665,0.699,11,-5.265,1,0.0578,0.423,0,0.0969,0.585,124.896,190932
Miley Cyrus,Mother's Daughter,0.681,0.865,1,-4.132,0,0.0594,0.00464,0.00169,0.149,0.528,91.017,219080
Taylor Swift,Gorgeous,0.8,0.535,7,-6.684,1,0.135,0.0713,9.48E-06,0.213,0.451,92.027,209680
Rihanna,Love On The Brain,0.509,0.637,4,-4.83,0,0.0471,0.0717,1.08E-05,0.0789,0.378,172.006,224000
Bea Miller,yes girl,0.549,0.729,5,-4.997,0,0.0318,0.0618,0,0.193,0.241,98.933,231391
Louis Tomlinson,Just Like You,0.703,0.628,0,-5.914,1,0.203,0.364,0,0.384,0.471,138.032,205217
Sabrina Carpenter,Sue Me,0.46,0.809,6,-5.415,1,0.326,0.0422,5.04E-05,0.138,0.609,157.184,179227
The Veronicas,On Your Side,0.593,0.78,7,-5.876,0,0.0736,0.0871,0,0.202,0.359,99.974,171693
Beatrice Eli,Girls,0.619,0.788,6,-5.368,1,0.0297,0.142,0,0.0699,0.626,103,183653
Jen Foster,I Didn't Just Kiss Her,0.713,0.634,7,-6.657,0,0.0788,0.0527,0,0.0614,0.536,76,181733
FLETCHER,Wasted Youth,0.465,0.575,11,-8.843,1,0.0645,0.0934,6.58E-05,0.11,0.161,152.009,218960
King Princess,Pussy Is God,0.739,0.621,11,-6.929,0,0.238,0.049,0.00369,0.0718,0.462,85.969,205533
ZAYN,No Candle No Light (feat. Nicki Minaj),0.619,0.752,5,-4.22,0,0.0496,0.0171,0.000107,0.0949,0.462,122.133,195027
Elektra,I Don´t Do Boys,0.721,0.654,7,-5.998,0,0.0925,0.138,0,0.126,0.437,140.029,169459
Mark Ronson,Nothing Breaks Like a Heart (feat. Miley Cyrus),0.601,0.794,7,-5.844,0,0.0671,0.00987,1.36E-06,0.388,0.244,114.066,217467
Becky G,LBD,0.874,0.584,5,-4.898,0,0.0353,0.32,2.05E-05,0.134,0.601,122.007,203504
blackbear,Idfc,0.63,0.5,1,-8.755,0,0.0611,0.611,4.04E-05,0.114,0.315,144.871,245172
Kelly Rowland,Kelly,0.583,0.633,6,-8.034,0,0.34,0.0284,0,0.0697,0.501,131.981,181733
Sizzy Rocket,Bestie,0.785,0.673,9,-6.288,1,0.04,0.0447,0,0.0848,0.626,123.019,209893
Holly Miranda,All I Want Is to Be Your Girl,0.468,0.964,0,-3.061,1,0.076,0.244,0,0.147,0.271,81.496,155027
girl in red,i wanna be your girlfriend,0.54,0.381,7,-14.323,1,0.0347,0.0217,0.000687,0.305,0.343,155.882,204991
Blind Fury,I Want Her (feat. Georgia Harris),0.689,0.752,7,-4.337,0,0.046,0.00215,1.75E-06,0.185,0.626,130.046,182753
Jen Foster,She,0.592,0.762,7,-6.43,1,0.0236,0.497,1.57E-06,0.274,0.384,95.022,250800
Zolita,Explosion,0.543,0.361,2,-8.822,0,0.0329,0.805,0.0269,0.112,0.0934,120.117,204095
The Blow,"""Come On Petunia""",0.888,0.55,6,-7.711,1,0.115,0.291,0.0871,0.0961,0.788,109.998,226787
The Butchies,She's so Lovely,0.485,0.893,9,-4.013,1,0.0432,0.00706,6.29E-06,0.0953,0.797,158.919,202293
Various Artists,I Think She Knows,0.694,0.55,4,-9.469,0,0.0319,0.127,0.000773,0.168,0.371,114.966,184813
King Princess,Talia,0.401,0.507,2,-7.001,1,0.089,0.549,0,0.164,0.236,180.159,207720
Ani DiFranco,If It Isn't Her,0.698,0.484,0,-13.79,0,0.0717,0.795,1.93E-05,0.176,0.701,120.405,237827
Luna Blake,Horizon,0.38,0.414,0,-9.781,1,0.0371,0.263,0.0113,0.0736,0.222,116.319,203880
Shura,What's It Gonna Be?,0.567,0.928,8,-5.533,1,0.0616,0.118,1.04E-05,0.347,0.698,171.974,214754
Taylor Swift,Look What You Made Me Do,0.766,0.709,9,-6.471,0,0.123,0.204,1.41E-05,0.126,0.506,128.07,211853
Lost Kings,Look At Us Now (feat. Ally Brooke & A$AP Ferg),0.637,0.851,11,-3.501,1,0.0433,0.00211,0.0012,0.161,0.39,132.929,225687
Imagine Dragons,Whatever It Takes,0.672,0.655,10,-5.021,0,0.0311,0.0362,0,0.117,0.556,134.945,201240
Selena Gomez,Kill Em With Kindness,0.757,0.884,10,-5.488,0,0.0404,0.00795,5.87E-05,0.0973,0.398,120.012,217907
Zolita,Holy,0.731,0.492,2,-10.504,1,0.12,0.0255,8.52E-05,0.106,0.373,184.03,182073
Various Artists,I Need a Woman to Love,0.405,0.703,4,-7.885,0,0.0417,0.00702,5.44E-05,0.0728,0.734,183.897,268840
Various Artists,I Need a Woman to Love,0.405,0.703,4,-7.885,0,0.0417,0.00702,5.44E-05,0.0728,0.734,183.897,268840
Mary Lambert,Know Your Name,0.734,0.771,10,-4.859,1,0.0329,0.0127,0.000165,0.0827,0.796,145.942,244933
Mary Lambert,Know Your Name,0.734,0.771,10,-4.859,1,0.0329,0.0127,0.000165,0.0827,0.796,145.942,244933
Mary Lambert,Know Your Name,0.734,0.771,10,-4.859,1,0.0329,0.0127,0.000165,0.0827,0.796,145.942,244933
King Princess,1950,0.6,0.535,4,-7.043,1,0.107,0.648,4.70E-06,0.162,0.269,71.912,225133
Jasmine Thompson,Hey There Delilah,0.359,0.225,4,-12.739,0,0.0586,0.958,0,0.13,0.461,176.451,226090
Gina Young,So-Called Str8 Grrrl,0.238,0.513,4,-11.355,1,0.0514,0.00167,0.000211,0.298,0.605,84.489,124653
Various Artists,And Then She Kissed Me,0.5,0.862,11,-7.508,1,0.0766,0.68,0,0.145,0.859,87.47,126533
Gossip,Where the Girls Are,0.63,0.915,11,-2.717,1,0.0591,0.146,0,0.137,0.836,140.247,104600
Frankie Cosmos,Sappho,0.644,0.401,7,-6.782,1,0.0403,0.174,0,0.132,0.459,95.354,112879
Julia Nunes,Make Out,0.769,0.643,1,-7.216,1,0.0397,0.547,0,0.0929,0.773,109.997,169413
The Internet,Girl (feat. KAYTRANADA),0.568,0.42,7,-11.169,0,0.276,0.536,0.124,0.101,0.453,79.89,415613
dodie,Sick of Losing Soulmates,0.478,0.241,2,-17.122,1,0.0386,0.716,0.216,0.354,0.11,75.285,267360
A Great Big World,Everyone Is Gay,0.528,0.814,9,-6.134,1,0.0645,0.0354,0,0.0631,0.432,149.183,130067
Various Artists,All The Things She Said,0.599,0.721,5,-9.201,0,0.0358,0.0324,0.00875,0.105,0.444,89.965,207773
The Dollyrots,My Best Friend's Hot,0.578,0.867,9,-2.671,1,0.0369,0.000673,0.00016,0.128,0.637,143.966,190133
Various Artists,Rebel Girl,0.435,0.939,8,-3.845,0,0.111,0.0122,0.00466,0.0614,0.559,134.938,157333
Sofya Wang,Boys Aside,0.583,0.913,7,-5.945,1,0.0401,0.00205,0.000374,0.164,0.659,95.991,230000
girl in red,we fell in love in october,0.566,0.366,7,-12.808,1,0.028,0.113,0.181,0.155,0.237,129.959,184154
girl in red,we fell in love in october,0.566,0.366,7,-12.808,1,0.028,0.113,0.181,0.155,0.237,129.959,184154
Shura,Touch,0.731,0.662,9,-11.58,0,0.255,0.568,0.00102,0.22,0.432,89.927,214556
Shura,Touch,0.731,0.662,9,-11.58,0,0.255,0.568,0.00102,0.22,0.432,89.927,214556
Shura,Touch,0.731,0.662,9,-11.58,0,0.255,0.568,0.00102,0.22,0.432,89.927,214556
Shura,Touch,0.731,0.662,9,-11.58,0,0.255,0.568,0.00102,0.22,0.432,89.927,214556
Sixpence None The Richer,There She Goes,0.498,0.789,10,-5.724,1,0.0319,0.000856,5.83E-06,0.104,0.455,120.176,164280
Sixpence None The Richer,There She Goes,0.498,0.789,10,-5.724,1,0.0319,0.000856,5.83E-06,0.104,0.455,120.176,164280
Various Artists,Mad About the Girl,0.525,0.319,5,-9.431,0,0.0298,0.857,0.0194,0.179,0.314,72.052,191480
Various Artists,Mad About the Girl,0.525,0.319,5,-9.431,0,0.0298,0.857,0.0194,0.179,0.314,72.052,191480
Kina Grannis,Shut Up and Dance,0.692,0.162,1,-9.785,1,0.033,0.864,0,0.112,0.457,99.853,159010
Kina Grannis,Shut Up and Dance,0.692,0.162,1,-9.785,1,0.033,0.864,0,0.112,0.457,99.853,159010
Zolita,Come Home With Me,0.51,0.544,9,-8.482,0,0.0452,0.189,0,0.143,0.177,142.022,216972
Zolita,Come Home With Me,0.51,0.544,9,-8.482,0,0.0452,0.189,0,0.143,0.177,142.022,216972
GIRLI,Girl I Met On The Internet,0.606,0.71,0,-3.436,1,0.0433,0.00411,0,0.198,0.415,94.995,221866
Mary Lambert,Hang Out With You,0.806,0.646,11,-7.297,1,0.0319,0.288,0.00591,0.166,0.603,121.952,192973
Kina Grannis,Sweater Weather,0.726,0.297,11,-7.857,1,0.0349,0.884,0,0.104,0.176,114.967,213236
DEV,Lowkey,0.638,0.435,4,-11.47,0,0.0635,0.34,2.31E-05,0.102,0.201,140.005,228961
Dressy Bessy,If You Should Try To Kiss Her,0.421,0.746,0,-10.165,1,0.037,0.0371,0,0.0754,0.971,104.986,164267
Chelsea Lankes,Secret,0.667,0.838,0,-5.597,1,0.0707,0.00842,0.125,0.125,0.387,120.034,227524
Kadie Elder,First Time He Kissed a Boy,0.616,0.856,11,-4.901,0,0.0389,0.0238,0,0.598,0.63,107.013,187978
Gina Young,Punkrockdyke,0.416,0.32,0,-11.241,1,0.0343,0.869,0.000432,0.117,0.175,134.238,205667
Alyson Stoner,When It's Right,0.776,0.58,7,-6.11,1,0.0637,0.0654,3.71E-06,0.354,0.468,114.046,166316
Alyson Stoner,When It's Right,0.776,0.58,7,-6.11,1,0.0637,0.0654,3.71E-06,0.354,0.468,114.046,166316
Alyson Stoner,When It's Right,0.776,0.58,7,-6.11,1,0.0637,0.0654,3.71E-06,0.354,0.468,114.046,166316
Alyson Stoner,When It's Right,0.776,0.58,7,-6.11,1,0.0637,0.0654,3.71E-06,0.354,0.468,114.046,166316
MØ,Nights With You,0.763,0.671,1,-4.029,0,0.1,0.401,1.16E-05,0.375,0.602,120.06,197495
MØ,Nights With You,0.763,0.671,1,-4.029,0,0.1,0.401,1.16E-05,0.375,0.602,120.06,197495
Bets,Jenny (feat. Kiddo),0.64,0.621,10,-7.361,0,0.0316,0.287,0.00245,0.112,0.697,140.047,199467
Bets,Jenny (feat. Kiddo),0.64,0.621,10,-7.361,0,0.0316,0.287,0.00245,0.112,0.697,140.047,199467
Miki Ratsula,Radiant Warmth,0.643,0.228,11,-13.223,1,0.0333,0.707,0,0.12,0.326,109.531,285408
Miki Ratsula,Radiant Warmth,0.643,0.228,11,-13.223,1,0.0333,0.707,0,0.12,0.326,109.531,285408
King Princess,Femme Fatale - RISE Recording,0.4,0.455,5,-11.733,1,0.0392,0.188,1.45E-05,0.109,0.343,124.752,173227
King Princess,Femme Fatale - RISE Recording,0.4,0.455,5,-11.733,1,0.0392,0.188,1.45E-05,0.109,0.343,124.752,173227
MUNA,I Know A Place,0.685,0.9,5,-4.626,0,0.151,0.137,0,0.2,0.779,111.991,272813
MUNA,I Know A Place,0.685,0.9,5,-4.626,0,0.151,0.137,0,0.2,0.779,111.991,272813
The Butchies,The Galaxy Is Gay,0.505,0.918,1,-4.919,1,0.0624,0.0207,0,0.174,0.372,121.625,98640
The Butchies,The Galaxy Is Gay,0.505,0.918,1,-4.919,1,0.0624,0.0207,0,0.174,0.372,121.625,98640
Amandla Stenberg,Let My Baby Stay,0.542,0.357,10,-6.938,0,0.0365,0.334,0.258,0.0724,0.197,102.251,144933
Amandla Stenberg,Let My Baby Stay,0.542,0.357,10,-6.938,0,0.0365,0.334,0.258,0.0724,0.197,102.251,144933
Little Big Town,Girl Crush,0.5,0.225,0,-10.22,1,0.0302,0.842,0,0.112,0.355,173.788,193320
Little Big Town,Girl Crush,0.5,0.225,0,-10.22,1,0.0302,0.842,0,0.112,0.355,173.788,193320
Childbirth,Since When Are You Gay?,0.348,0.865,6,-5.758,1,0.0506,0.00714,0.487,0.117,0.416,151.988,171347
Childbirth,Since When Are You Gay?,0.348,0.865,6,-5.758,1,0.0506,0.00714,0.487,0.117,0.416,151.988,171347
Keiynan Lonsdale,Kiss the Boy,0.78,0.394,0,-9.249,1,0.0433,0.0804,0,0.165,0.456,139.952,261616
Ji Nilsson,Love You Anyway,0.634,0.543,6,-9.038,0,0.0791,0.366,0.000636,0.104,0.153,195.917,209388
dodie,Would You Be So Kind,0.662,0.614,4,-9.621,1,0.204,0.158,0.00019,0.126,0.616,160.068,180952
Jessica Manning,Kiss Me,0.498,0.124,4,-11.509,1,0.035,0.918,0,0.115,0.216,86.801,256667
Tribe 8,Butch In the Streets,0.253,0.82,9,-9.496,1,0.0478,3.81E-05,0.0472,0.274,0.517,174.693,122267
Various Artists,Queer for You,0.372,0.799,2,-8.162,1,0.0382,0.000708,0.917,0.0993,0.827,163.577,126880
Worriers,They / Them / Theirs,0.388,0.933,2,-4.924,1,0.0406,0.000102,0.465,0.325,0.635,89.924,138824
Tribe 8,Lezbophobia,0.366,0.748,11,-7.399,0,0.0425,0.0757,2.33E-05,0.142,0.962,144.986,163627
Onsind,Heterosexuality Is a Construct,0.572,0.527,3,-6.321,1,0.0511,0.335,0,0.285,0.359,145.378,212577
Dog Park Dissidents,Queer As in Fuck You,0.473,0.923,6,-12.253,1,0.0614,0.00611,0,0.164,0.381,179.975,128000
Against Me!,True Trans Soul Rebel,0.281,0.974,3,-3.81,1,0.131,7.41E-05,0.0225,0.344,0.237,167.589,192813
Schmekel,Genderqueer Love Song,0.553,0.575,7,-11.89,1,0.043,0.0971,0,0.131,0.766,143.617,154000
Pansy Division,That's So Gay,0.592,0.954,11,-7.861,0,0.0594,0.018,0,0.317,0.775,151.853,148271
Ally Hills,Space,0.353,0.709,6,-6.548,0,0.0526,0.0629,0.00154,0.0786,0.556,96.997,192995
cupcakKe,Lgbt,0.793,0.86,0,-8.663,0,0.172,0.169,1.73E-05,0.101,0.392,124.961,161332
Tribe 8,Wrong Bathroom,0.44,0.933,11,-4.947,1,0.181,0.0904,0,0.168,0.526,133.352,175867
Art Project,Gender Nightmare,0.606,0.849,9,-8.714,1,0.0409,0.613,0.000167,0.0937,0.546,120.017,173865
Pansy Division,Fem in a Black Leather Jacket,0.531,0.852,7,-6.547,1,0.0463,0.439,0.000234,0.107,0.85,150.52,123690
The Mourning Sickness,Gender Trouble,0.643,0.674,11,-8.316,0,0.0344,0.000521,0.00391,0.062,0.688,108.276,280413
Team Dresch,Fagetarian and Dyke,0.253,0.976,0,-6.949,1,0.0763,0.0115,0.773,0.0985,0.388,100.31,165560
She/Her/hers,Gender Is Boring,0.634,0.456,7,-5.6,1,0.0529,0.812,0,0.113,0.35,108.411,187164
Ste McCabe,Queer Clubbing,0.634,0.997,0,-6.371,1,0.0914,0.0914,2.60E-05,0.385,0.11,156.363,120107
Skin Jobs,Gender Bender,0.274,0.91,11,-6.486,1,0.0667,0.000595,1.41E-05,0.638,0.218,137.22,352707
Sleater-Kinney,I Wanna Be Your Joey Ramone,0.391,0.942,1,-3.109,1,0.0634,0.04,0.489,0.131,0.618,137.649,156987
GRLwood,Bisexual,0.596,0.927,11,-6.241,0,0.0727,0.0142,0.00913,0.0665,0.641,132.984,120341
The Spook School,Binary,0.272,0.893,0,-7.704,1,0.0589,0.0443,0.00881,0.588,0.51,151.099,195080
Jake Edwards,Second Puberty,0.47,0.149,0,-16.98,1,0.0498,0.924,0,0.11,0.373,135.254,225128
She/Her/hers,Nvr Pass,0.463,0.419,4,-6.966,1,0.0327,0.164,2.50E-05,0.0853,0.71,85.803,230350
Human Kitten,Gender Bronoun,0.589,0.286,7,-10.576,1,0.0639,0.622,0,0.151,0.52,118.492,97097
G.L.O.S.S.,G.L.O.S.S. (We're from the Future),0.17,0.875,9,-6.848,1,0.109,3.35E-05,0.126,0.329,0.5,89.229,91250
Various Artists,Daughterson,0.626,0.221,0,-21.322,1,0.0618,0.762,0,0.611,0.784,120.933,221180
Size Of Sadness,Trans Punx (no bullshit),0.447,0.705,8,-9.678,1,0.0701,0.000107,0.00209,0.147,0.925,179.926,133108
Tribe 8,Femme Bitch Top,0.426,0.714,2,-8.573,1,0.0499,0.00881,0.000675,0.293,0.689,78.804,210133
Athens Boys Choir,Fagette,0.74,0.695,10,-5.685,0,0.374,0.014,0,0.198,0.694,193.861,199027
Skylar Kergil,Tell Me a Story,0.605,0.348,4,-11.069,1,0.0325,0.719,1.15E-06,0.107,0.22,99.242,171053
The Spook School,Burn Masculinity,0.387,0.728,11,-6.093,1,0.0364,0.0148,0,0.235,0.368,166.368,122947
Wrabel,The Village,0.55,0.363,5,-7.326,1,0.0336,0.534,0,0.128,0.286,121.94,230293
Various Artists,they/them,0.698,0.494,11,-8.113,1,0.458,0.723,0,0.107,0.369,79.127,104865
Dani Shay,Girl or Boy (Live),0.552,0.125,1,-12.781,0,0.121,0.97,7.27E-06,0.101,0.507,173.455,167721
Ryan Cassata,Daughter,0.746,0.59,0,-8.526,1,0.0276,0.111,0,0.0884,0.705,91.958,180326
Benny,Little Game,0.606,0.54,1,-5.485,0,0.0412,0.0754,0,0.11,0.296,129.934,238534
Jake Edwards,You Can't Tell Me (I'm Not a Man) - 2019 Remaster,0.476,0.698,5,-7.61,1,0.0387,0.349,0.0312,0.132,0.256,112.959,267173
Marissa Kay,Trans Is Love,0.5,0.646,9,-10.894,1,0.0408,0.0137,0,0.207,0.693,169.904,218523
Various Artists,A Guy Named Joe,0.401,0.0341,0,-32.46,1,0.0374,0.936,0.000319,0.643,0.294,151.574,401268
Saint Wellesley,Dysphoria,0.439,0.0484,7,-18.169,1,0.0622,0.81,0,0.241,0.432,83.919,160899
Schmekel,New Men With Old Man Names,0.528,0.621,9,-12.141,0,0.137,0.038,0,0.253,0.69,153.857,290000
Mother Mother,Body,0.596,0.633,10,-3.602,0,0.0594,0.131,0,0.343,0.473,148.09,213573
Dyke Drama,Cis Girls,0.474,0.804,8,-4.539,1,0.0396,0.0043,0.00076,0.207,0.902,117.513,146488
Shawna Virago,Gender Armageddon,0.718,0.229,3,-12.742,1,0.0391,0.777,0,0.153,0.355,117.957,203996
7 Year Bitch,Dead Men Don't Rape,0.349,0.709,9,-12.339,0,0.0336,9.03E-06,0.0095,0.147,0.708,114.581,167333
G.L.O.S.S.,Lined Lips and Spiked Bats,0.288,0.872,9,-6.769,1,0.0408,1.59E-06,0.928,0.618,0.683,93.791,85625
Against Me!,Black Me Out,0.428,0.909,4,-3.997,1,0.035,0.0239,0,0.136,0.576,107.6,187253
Bitch and Animal,Best Cock on the Block,0.817,0.66,1,-9.682,0,0.214,0.175,0.000187,0.104,0.744,122.22,219987
Jake Edwards,Pink & Blue,0.359,0.301,6,-14.759,1,0.0358,0.776,0.107,0.0974,0.0392,136.045,351147
Benny,Boys Will Be Boys,0.711,0.553,6,-10.478,0,0.0408,0.279,0.00168,0.101,0.34,114.977,218056
Cavetown,This Is Home,0.81,0.266,7,-12.478,1,0.0407,0.56,1.05E-06,0.0962,0.212,130.041,226073
Left at London,Revolution Lover,0.538,0.817,6,-6.791,1,0.0774,0.153,0,0.503,0.717,147.957,142703
Dyke Drama,Crying In A Bathroom Stall,0.384,0.914,6,-4.7,1,0.0905,0.000547,0.00107,0.328,0.616,96.435,122321
Jinkx Monsoon,Just Me (The Gender Binary Blues),0.475,0.513,11,-6.197,1,0.0793,0.179,0,0.115,0.227,131.505,277720
Matt Fishel,Radio-Friendly Pop Song,0.432,0.773,2,-4.848,1,0.0843,0.00699,0,0.0851,0.22,163.726,229873
G.L.O.S.S.,Masculine Artifice,0.251,0.904,7,-6.659,1,0.0859,2.59E-06,0.783,0.101,0.522,84.713,81375
Against Me!,I Was a Teenage Anarchist,0.448,0.952,10,-3.477,1,0.0803,0.000603,0.00145,0.109,0.489,152.958,195160
Jake Edwards,Changes,0.514,0.259,4,-13.485,1,0.043,0.891,0.0237,0.147,0.519,107.123,151291
Katastrophe,Something Different,0.86,0.661,7,-9.844,1,0.21,0.0248,5.36E-05,0.0999,0.517,96.023,195907
Mallrat,I Don't Hate My Body I'm Just Afraid of It,0.421,0.554,4,-10.103,1,0.0569,0.121,0.00305,0.153,0.373,118.19,117010
Limp Wrist,Fake Fags,0.279,0.724,9,-6.737,1,0.0335,0.00112,0.238,0.253,0.644,90.968,97547
Pansy Division,Blame the Bible,0.467,0.85,11,-3.809,1,0.0602,0.00271,0,0.0556,0.394,137.998,218160
Art Project,Pretty boy,0.549,0.512,7,-13.31,1,0.0495,0.0262,1.75E-06,0.479,0.62,150.014,144139
Against Me!,Paralytic States,0.46,0.927,1,-3.667,0,0.0741,1.77E-05,9.63E-05,0.285,0.475,127.633,192587
Katastrophe,Man Enough,0.98,0.66,1,-10.264,1,0.274,0.114,8.12E-05,0.142,0.742,116.573,107120
Left at London,I Don't Trust U Anymore,0.773,0.41,4,-8.545,1,0.0418,0.291,0,0.38,0.453,111.916,151563
G.L.O.S.S.,Targets of Men Targets of Men,0.287,0.916,2,-6.537,1,0.0629,1.13E-06,0.89,0.328,0.36,95.99,113000
Bitch and Animal,Boy Girl Wonder,0.441,0.0516,9,-13.939,1,0.203,0.591,0.00121,0.117,0.259,76.66,201507
Skylar Kergil,Brothers,0.492,0.396,2,-8.507,1,0.0337,0.694,0,0.124,0.578,143.993,239747
Bratmobile,Gimme Brains,0.518,0.982,5,-3.194,1,0.0463,0.333,0,0.191,0.96,164.562,136880
Ryan Cassata,Bedroom Eyes,0.574,0.597,11,-5.246,1,0.0295,0.118,0,0.132,0.269,91.106,183613
Namoli Brennet,Boy in a Dress,0.451,0.166,9,-11.525,0,0.0304,0.873,0.00205,0.12,0.437,135.657,296973
Jonesin' and the Hurt,Genderless (Hidden),0.577,0.754,7,-4.223,1,0.036,0.101,3.91E-06,0.0914,0.371,140.05,231163
She/Her/hers,Family,0.384,0.418,4,-6.613,1,0.0317,0.259,0.000132,0.128,0.245,125.282,278750
Various Artists,Homo Christmas,0.519,0.727,7,-10.898,1,0.042,0.0864,0,0.322,0.822,153.286,155080
Athens Boys Choir,The Metrosexual Threw Off My Gaydar,0.832,0.861,4,-5.733,0,0.186,0.174,0,0.114,0.431,108.055,158827
Namoli Brennet,Thorn in Your Side,0.805,0.637,6,-9.841,0,0.117,0.363,0.000203,0.081,0.31,119.972,269000
PWR BTTM,I Wanna Boi,0.371,0.42,0,-6.224,1,0.0513,0.431,0,0.0597,0.564,83.452,122973
Skylar Kergil,On Birds and Bodies,0.505,0.338,2,-6.374,1,0.0389,0.831,0,0.0937,0.285,143.013,273831
Lip Shit Queers,Gender Queer,0.69,0.934,5,-6.187,1,0.115,0.0996,0.0118,0.367,0.239,140.033,277014
The Spook School,I Want to Kiss You,0.272,0.727,0,-6.174,1,0.0484,0.000379,0,0.0766,0.664,96.523,171107
Elmo Sexwhistle,Genderfuck!,0.498,0.974,10,-5.612,0,0.0591,0.000132,0.0424,0.233,0.525,136.995,249801
Athens Boys Choir,Tranny Got Pack (Revised),0.931,0.638,1,-13.084,1,0.476,0.264,0,0.19,0.806,128.112,106960
Good Asian Drivers,Third Gender,0.633,0.782,0,-6.329,1,0.259,0.155,0,0.214,0.599,133.239,212747
The Homophones,Mala Strana,0.524,0.723,2,-5.506,1,0.039,0.635,3.91E-06,0.25,0.799,112.286,136720
The Homophones,Mala Strana,0.524,0.723,2,-5.506,1,0.039,0.635,3.91E-06,0.25,0.799,112.286,136720
Namoli Brennet,Marjorie,0.589,0.612,4,-8.786,0,0.026,0.437,9.03E-05,0.286,0.481,96.038,175466
Dazey and the Scouts,Sweet Cis Teen,0.253,0.851,2,-5.867,1,0.0627,0.00197,0.282,0.708,0.298,126.487,273302
Shoplifting,Male Gynecology,0.545,0.65,2,-8.538,1,0.0431,0.0135,0.132,0.0824,0.652,152.516,188213
Gay Panic,Joy Boy,0.309,0.943,0,-6.314,1,0.142,0.0194,0.417,0.298,0.391,168.021,204307
Dog Park Dissidents,Trans Starship Feminist Bdsm Paradise,0.458,0.896,11,-10.924,0,0.124,0.313,0,0.87,0.511,105.012,181875
Angel Haze,Battle Cry,0.47,0.871,0,-6.662,0,0.299,0.0117,0,0.343,0.454,160.212,292098
Limp Wrist,Want Us Dead,0.317,0.849,4,-5.223,0,0.0469,0.000486,0.124,0.111,0.643,144.265,91280
Shawnee,Warrior Heart,0.477,0.692,0,-7.159,1,0.0461,0.279,0.00114,0.11,0.326,151.973,262387
Mother Mother,Body Of Years,0.722,0.637,2,-4.348,1,0.0339,0.0113,6.73E-05,0.0802,0.563,117.063,278400
Jay Boogie,Precious,0.749,0.647,9,-8.163,1,0.216,0.152,0.0283,0.123,0.423,115.01,252400
Poppy,Am I A Girl?,0.663,0.665,2,-6.717,0,0.044,0.00677,0.00195,0.111,0.464,122.052,217855
Rae Spoon,Do Whatever the Heck You Want,0.726,0.526,0,-5.586,1,0.0298,0.422,0,0.139,0.444,123.019,169253
Ren Stedman,Bigger balls than you,0.491,0.672,6,-14.192,0,0.0714,0.419,2.66E-05,0.274,0.773,133.429,247500
Ryan Cassata,Man in the Mirror,0.579,0.246,11,-7.49,1,0.0328,0.897,0,0.133,0.44,176.06,209133
Ankle Grease,Gender School Dropout,0.405,0.921,7,-7.268,1,0.0423,0.0613,0,0.353,0.669,156.248,123159
Dyke Drama,The Thing I Do Best,0.516,0.631,3,-7.339,0,0.0308,0.000106,0.0388,0.275,0.637,127.17,130598
Dog Park Dissidents,Rainbow Drones,0.569,0.877,6,-11.504,1,0.12,0.288,0,0.611,0.652,163.01,174000
Various Artists,Big Dick,0.264,0.78,3,-3.668,0,0.0931,0.156,4.50E-05,0.255,0.559,166.476,120733
Boyskout,Girl On Girl Action,0.34,0.762,8,-6.129,1,0.0413,0.00109,0.0769,0.225,0.621,159.862,240027
Sons of an Illustrious Father,U.S. Gay,0.195,0.706,4,-7.123,1,0.0605,0.0641,0,0.144,0.122,177.743,229432
Ashby and the Oceanns,Queer Kidz,0.79,0.714,9,-6.897,1,0.113,0.587,0,0.0944,0.641,129.919,192000
Murder Person for Hire,Chaotic Gender Neutral,0.714,0.796,11,-7.645,1,0.0888,0.256,0,0.128,0.671,111.45,132443
Franz Ferdinand,Michael,0.428,0.871,6,-6.662,0,0.0421,0.00548,0.000299,0.208,0.78,158.474,201307
Hunx & His Punx,Lovers Lane,0.467,0.703,11,-5.675,0,0.0621,0.329,1.24E-05,0.494,0.452,127.469,215133
Christine and the Queens,iT,0.568,0.573,0,-7.681,1,0.06,0.315,1.20E-05,0.086,0.655,179.929,218159
GRLwood,Vaccines Made Me Gay,0.421,0.932,11,-5.069,0,0.0542,0.00128,0.748,0.0831,0.687,164.414,144158
Super 8 Cum Shot,Everybody Loves A Muscle Boi,0.342,0.846,9,-5.573,1,0.0962,0.0274,0,0.473,0.764,166.556,146067
Boyskout,Back To Bed,0.589,0.791,8,-4.472,1,0.0274,0.0221,2.06E-05,0.139,0.735,148.059,160160
Team Dresch,Hate the Christian Right!,0.478,0.943,0,-8.89,1,0.0786,0.0143,0.227,0.127,0.303,142.534,155800
Joan Jett & The Blackhearts,Androgynous - Recorded at Spotify Studios NYC,0.733,0.754,2,-4.42,1,0.0306,0.0443,0,0.129,0.636,114.345,175080
Various Artists,Go Away - Live,0.231,0.806,10,-11.834,1,0.0629,0.0323,0.167,0.723,0.263,81.422,207107
Fagatron,Like a Prayer,0.346,0.592,9,-9.447,1,0.22,0.138,2.81E-06,0.261,0.502,179.859,135600
Eli Conley and Hip for Squares,Pinocchio,0.471,0.406,2,-10.77,1,0.0371,0.38,0,0.137,0.616,115.504,202733
Kiethevez,Always A Boy,0.555,0.604,4,-8.205,0,0.0307,0.00598,0.0517,0.0774,0.328,117.917,269707
Left at London,I Split My Ribs Open,0.608,0.743,5,-7.651,0,0.103,0.0809,0,0.111,0.702,155.876,216473
Gravy Train!!!!,Wutcha Wutcha Wutcha Doin' Tonite?,0.618,0.861,10,-4.359,0,0.0619,0.0278,0,0.206,0.952,166.356,171000
God Is My Co-Pilot,Steal Yr GF,0.559,0.924,11,-7.693,0,0.078,0.000142,0.000573,0.548,0.6,130.02,84347
Queen Zee,Sissy Fists,0.205,0.948,11,-4.232,1,0.113,2.23E-05,0.00647,0.0837,0.376,150.166,143853
Mouthfull,Ugly Face,0.294,0.692,9,-12.295,0,0.109,5.79E-06,0.774,0.109,0.873,173.219,155016
Asher Brown,Hey Little Abigail,0.559,0.37,1,-15.55,1,0.0389,0.494,1.50E-06,0.106,0.772,171.401,204843
Rae Spoon,I Hear Them Calling,0.58,0.602,9,-7.531,1,0.0316,0.0405,0.0412,0.115,0.328,125.006,241027
Gay For Johnny Depp,Hey F*cked Up! (Punk Rock Can't Exist In Countries With Good Social Services),0.316,0.928,2,-2.899,1,0.0985,0.000134,0.000252,0.348,0.589,117.382,133959
Ryan Cassata Music,The Trans Slam,0.696,0.183,1,-15.604,1,0.462,0.789,0,0.0707,0.619,102.995,64625
Boyinaband,Spectrum (feat. Cryaotic & Minx),0.703,0.783,9,-5.399,0,0.0674,0.0148,0,0.269,0.186,129.977,251077
Hunx & His Punx,Bad Boy,0.184,0.888,4,-4.836,0,0.0692,0.229,0.0172,0.399,0.341,179.814,161200
Propagandhi,Homophobes Are Just Pissed 'Cause They Can't Get Laid,0.39,0.944,7,-5.069,1,0.0464,5.13E-05,0.242,0.163,0.928,119.298,104587
Eli Conley,Strong and Tender,0.437,0.282,2,-11.087,1,0.0348,0.831,6.35E-05,0.0873,0.291,140.404,255587
Ren Stedman,What I Have Become,0.701,0.459,11,-14.567,1,0.0402,0.822,0.000114,0.12,0.481,95.043,194673
Aye Nako,Sissy,0.211,0.96,10,-2.704,1,0.0503,0.00403,0.883,0.047,0.146,167.698,111253
Qfolk,Nonbinary Fantasy Trash Babe,0.47,0.29,7,-11.064,1,0.0353,0.664,1.01E-05,0.147,0.633,146.628,206477
Asher Brown,What Makes a Man,0.53,0.342,4,-15.439,1,0.0292,0.617,0.00291,0.122,0.376,85.856,258283
The Hidden Cameras,He Is the Boss of Me,0.524,0.78,3,-7.946,1,0.0276,0.0591,3.92E-05,0.188,0.94,131.345,173000
The Shondes,Are You Ready,0.433,0.91,6,-5.196,0,0.0408,0.000321,0.00954,0.44,0.733,184.982,198600
God Is My Co-Pilot,QDA (Anthem),0.658,0.824,6,-10.039,0,0.0947,0.00202,0.0132,0.0743,0.74,139.898,170640
Frightwig,My Crotch Does Not Say Go,0.288,0.946,9,-3.088,0,0.067,2.02E-05,0.00236,0.336,0.341,155.976,198453
Hunx & His Punx,Everyone's A Pussy (Fuck You Dude),0.519,0.997,4,-4.547,1,0.22,0.175,0.994,0.061,0.0698,102.899,30600
The Hirs Collective,From My Mouth to Yours.,0.382,0.987,5,-3.756,0,0.0568,9.08E-06,0.159,0.473,0.0935,139.953,226969
Human Kitten,Space Princess,0.664,0.385,0,-9.434,1,0.125,0.569,0,0.317,0.565,75.771,98089
Fabulous Disaster,Gia,0.412,0.958,9,-4.3,1,0.0604,0.000913,0.00166,0.25,0.349,91.526,136133
Tuffragettes,Tuffragettes Against Terfs,0.518,0.973,6,-4.396,0,0.137,0.00775,0.000248,0.312,0.461,104.952,221714
Ezra Furman,Maraschino-Red Dress $8.99 at Goodwill,0.677,0.729,7,-11.5,1,0.147,0.191,1.31E-05,0.252,0.561,152.978,150000
Skinny Girl Diet,Dimethyltryptamine,0.0947,0.905,0,0.672,1,0.0435,0.000122,0.662,0.356,0.222,172.071,221940
Gaymous,(Let's Pretend We Don't Have) Feelings,0.728,0.612,11,-5.407,0,0.0344,0.000748,0.752,0.614,0.501,129.962,289988
Rae Spoon,Ghost of a Boy,0.45,0.396,5,-12.164,1,0.0461,0.831,0.784,0.111,0.249,169.92,212040
The Groans,Skin,0.32,0.975,2,-4.989,1,0.0959,9.47E-05,0.865,0.375,0.257,146.223,168594
Eli Conley,What I'm Worth,0.424,0.232,4,-9.34,1,0.0341,0.763,0.000138,0.108,0.161,137.513,245933
Evan Greer,Last iPhone,0.488,0.888,0,-6.99,1,0.0898,0.0115,0.00159,0.556,0.547,149.864,217325
The Butchies,Insult To Injury,0.213,0.766,2,-8.38,1,0.0489,0.386,0.358,0.212,0.527,172.33,253093
Ludlow,Trust No Cop,0.576,0.577,4,-7.223,0,0.0384,0.368,0,0.553,0.679,124.878,233093
Bitch and Animal,drag king bar,0.472,0.613,9,-7.273,1,0.322,0.941,7.53E-06,0.715,0.788,147.203,282933
Red Aunts,Rollerderby Queen,0.217,0.978,2,-5.956,1,0.147,9.51E-05,0.338,0.341,0.322,165.126,128000
The Magnetic Fields,Andrew in Drag,0.675,0.725,0,-6.281,1,0.0298,0.46,0.00091,0.333,0.449,119.973,132573
Riley!,Theydies and Gentlethem,0.456,0.357,7,-8.566,1,0.0634,0.416,1.97E-05,0.0776,0.137,191.085,166421
The Groans,Colors,0.377,0.834,6,-6.962,0,0.0537,0.159,3.07E-05,0.248,0.487,143.941,229389
Aye Nako,Nightcrawler,0.386,0.859,4,-3.029,1,0.0365,0.124,0.341,0.0554,0.407,94.776,201653
Le Tigre,Dyke March 2001,0.801,0.746,10,-8.065,0,0.0894,0.0143,0.512,0.0687,0.886,139.769,277800
Evan Greer,The Spring,0.661,0.593,7,-8.952,1,0.0291,0.00654,0.00029,0.193,0.193,137.023,265901
Ren Stedman,Problems,0.504,0.321,8,-18.034,1,0.0499,0.394,1.29E-06,0.143,0.509,134.77,251192
Fagatron,Anthem,0.509,0.619,2,-7.759,1,0.0664,0.0025,0.0127,0.102,0.414,101.341,86627
Gender Work,queer bodies in motion,0.298,0.346,6,-18.463,0,0.0415,0.0325,0.843,0.128,0.669,139.912,91018
Polythene Pam,Middle Age Transsexual Theme Song,0.541,0.854,9,-6.883,1,0.218,0.0125,5.26E-05,0.123,0.619,169.752,205571
Fagatron,Flip Flop,0.386,0.695,7,-9.14,1,0.158,0.000619,0.598,0.158,0.86,154.77,60813
Travis Love Benson,Universally Accepted,0.727,0.602,8,-10.167,1,0.0319,0.521,0,0.123,0.613,119.016,316997
The Hirs Collective,Yøu Can't Kill Us - Kilbourne Remix,0.544,0.979,10,-3.812,1,0.112,0.000947,0.000109,0.143,0.08,95.067,128015
Ashby and the Oceanns,Ode to Boy,0.747,0.489,11,-8.978,1,0.0527,0.769,0,0.0903,0.553,119.981,174000
Liam and the Bees,Genderbender,0.613,0.0862,5,-19.507,0,0.0598,0.836,5.14E-05,0.109,0.622,74.286,219063
Victor Quinlan,Not With Haste,0.524,0.432,3,-7.893,1,0.0251,0.847,0.00012,0.109,0.0874,62.304,314227
Ren Stedman,Bugs,0.452,0.142,9,-21.175,1,0.0445,0.737,0,0.168,0.574,95.869,159000
Joshua Klipp,Little Girl,0.68,0.858,1,-4.046,0,0.052,0.0416,0,0.0927,0.757,120.002,283387
The Breathing Light,Real Fun,0.194,0.919,7,-2.266,0,0.0751,0.0198,0.344,0.543,0.0398,124.646,340403
Pussyfoot,Animals,0.491,0.998,4,-1.283,0,0.295,0.00184,5.37E-06,0.0913,0.153,154.917,308782
Onsind,You Should Probably Keep It All In,0.456,0.403,6,-8.234,1,0.0355,0.161,0,0.492,0.512,78.157,232082
Shitting Glitter,Socially Activist,0.591,0.829,9,-9.771,1,0.0814,0.197,0.0392,0.0239,0.795,173.997,224747
The Homobiles,Homo Safe,0.696,0.688,6,-4.026,0,0.0606,0.197,0,0.116,0.866,130.87,178000
Harley Poe,Transvestities Can Be Cannibals Too,0.499,0.614,7,-8.175,1,0.0621,0.151,3.52E-06,0.0555,0.605,89.038,276973
The Hidden Cameras,Steal All You Can Motherfucker,0.528,0.803,4,-8.958,1,0.0327,0.029,0,0.0857,0.79,133.211,155867
Just Fern,Daughter - Basement Mix,0.342,0.855,4,-6.922,1,0.181,0.351,0.000349,0.286,0.591,169.847,145058
Niko,Monogamy,0.735,0.29,1,-13.216,1,0.307,0.14,0.000145,0.118,0.218,145.941,174315
Itsbambii,My LGBT Story,0.772,0.282,0,-14.702,0,0.122,0.878,2.74E-05,0.0929,0.607,82.961,161960
PUSSYLIQUOR,Hurtz,0.298,0.909,9,-5.966,0,0.0515,8.85E-05,4.10E-06,0.0881,0.699,158.667,198893
Limp Wrist,They Tell Me,0.228,0.959,4,-5.29,1,0.119,9.27E-05,0.0849,0.338,0.375,178.618,135839
Mal Blum,New Year's Eve,0.516,0.199,7,-9.541,1,0.0402,0.874,4.93E-06,0.108,0.575,105.622,394507
Shamir,Room,0.727,0.729,9,-6.152,1,0.0342,0.161,0.000455,0.15,0.807,125.932,156190
Jesediah,Stove On,0.633,0.704,1,-7.609,1,0.173,0.166,0,0.43,0.262,93.309,204820
Joe Stevens,Last Man Standing,0.619,0.504,2,-9.71,1,0.0354,0.495,0.000509,0.0977,0.507,134.113,291493
Wolf Girl,Middlesexy,0.209,0.433,3,-13.839,1,0.0367,0.000203,0.693,0.131,0.187,79.799,175496
Various Artists,Songs,0.565,0.199,2,-15.387,1,0.0283,0.938,0.0598,0.136,0.367,83.115,237897
Butch Baby,TERF Bangs,0.451,0.859,7,-6.632,1,0.0658,0.000158,0.00413,0.55,0.425,172.864,166484
Mary Wander,Gender Ender,0.552,0.102,10,-16.61,1,0.0578,0.884,0,0.262,0.486,121.489,151377
Jesediah,Lonzo,0.773,0.651,7,-8.513,1,0.0458,0.0365,0,0.302,0.361,99.968,206401
Jayne County,Man Enough to Be a Woman,0.44,0.441,1,-20.544,0,0.061,0.0021,0.000178,0.789,0.432,143.267,259960
Vivek Shraya,Part-Time Woman,0.398,0.506,9,-7.974,1,0.0316,0.22,0.000224,0.186,0.557,97.243,126427
Vivek Shraya,Part-Time Woman,0.398,0.506,9,-7.974,1,0.0316,0.22,0.000224,0.186,0.557,97.243,126427
Cadallaca,The Trouble With Public Places,0.308,0.885,0,-4.093,1,0.0727,0.3,4.29E-06,0.322,0.762,176.952,178893
Cadallaca,The Trouble With Public Places,0.308,0.885,0,-4.093,1,0.0727,0.3,4.29E-06,0.322,0.762,176.952,178893
Partyline,Girls Like Me,0.452,0.998,11,-5.367,0,0.0685,0.0421,9.74E-05,0.342,0.113,104.325,131400
Partyline,Girls Like Me,0.452,0.998,11,-5.367,0,0.0685,0.0421,9.74E-05,0.342,0.113,104.325,131400
Le Tigre,TKO,0.694,0.914,11,-2.366,0,0.0328,0.0338,0.000198,0.537,0.829,138.596,204267
Evelyn Ida Morris,The Body Appears,0.437,0.0785,0,-19.348,1,0.0328,0.985,0.0499,0.0894,0.0608,73.758,329907
Evelyn Ida Morris,The Body Appears,0.437,0.0785,0,-19.348,1,0.0328,0.985,0.0499,0.0894,0.0608,73.758,329907
Excuse 17,This Is Not Your Wedding Song,0.16,0.843,4,-7.092,1,0.0603,0.0481,0.0189,0.108,0.217,188.4,267733
Excuse 17,This Is Not Your Wedding Song,0.16,0.843,4,-7.092,1,0.0603,0.0481,0.0189,0.108,0.217,188.4,267733
Queen Zee,I Hate Your New Boyfriend,0.285,0.708,1,-7.258,0,0.0683,0.000494,0.0117,0.0951,0.111,144.957,310333
Topic,Perfect,0.657,0.66,1,-5.129,0,0.0983,0.0877,0,0.133,0.421,155.926,205120
Metro Station,She Likes Girls,0.534,0.905,0,-3.52,1,0.134,0.00198,0,0.0519,0.576,159.936,237866
Catey Shaw,Night Go Slow,0.635,0.44,2,-10.119,1,0.0294,0.629,0.000287,0.101,0.284,125.088,199842
Zedd,Daisy,0.586,0.598,2,-5.774,1,0.0359,0.124,0,0.151,0.201,112.067,174413
Mal Blum,Better Than I Was,0.413,0.532,0,-10.173,1,0.111,0.376,0,0.112,0.813,198.922,204747
Jesediah,G.O.A.T.,0.614,0.479,0,-7.389,1,0.31,0.351,0,0.0988,0.936,149.981,219892
Jayne County,If You Don't Want To Fuck (F*** Off),0.405,0.779,4,-10.733,1,0.299,0.00528,9.04E-06,0.327,0.66,123.41,240907
Jayne County,If You Don't Want To Fuck (F*** Off),0.405,0.779,4,-10.733,1,0.299,0.00528,9.04E-06,0.327,0.66,123.41,240907
Dazey and the Scouts,Wet,0.49,0.934,9,-5.06,0,0.05,0.0206,7.24E-06,0.755,0.62,95.839,170931
Seth Bogart,Eating Makeup (feat. Kathleen Hanna),0.654,0.86,0,-5.446,1,0.0438,0.066,0.00115,0.287,0.965,131.975,180027
Various Artists,Only Straight Girls Wear Dresses,0.626,0.732,6,-9.832,1,0.056,0.382,0.000745,0.196,0.933,135.233,284267
Lipstick Homicide,Rockerchick,0.36,0.875,9,-6.17,1,0.0478,5.06E-05,0.00128,0.0932,0.79,98.314,126760
imbi the girl,V.I.P.,0.622,0.512,1,-6.507,0,0.51,0.297,0,0.181,0.339,120.257,238881
Calamity Jane,Miss Hell,0.167,0.912,5,-3.042,1,0.113,0.418,0.0357,0.529,0.0776,148.733,182320
Left at London,Waiting on a Ghost,0.501,0.0819,10,-9.293,1,0.0381,0.974,1.47E-05,0.118,0.305,73.066,175765
Excuse 17,Watchmaker,0.238,0.989,9,-4.278,1,0.218,0.0425,0.0129,0.0931,0.379,172.314,188227
Ah-Mer-Ah-Su,Klonopin (Orchestral Version),0.268,0.25,3,-9.787,0,0.0322,0.769,0.000275,0.112,0.234,169.937,238241
Aye Nako,Particle Mace,0.216,0.953,9,-3.123,0,0.093,0.00472,0.198,0.156,0.315,124.498,207467
Aye Nako,Particle Mace,0.216,0.953,9,-3.123,0,0.093,0.00472,0.198,0.156,0.315,124.498,207467
Laura Jane Grace & the Devouring Mothers,Apocalypse Now (& Later),0.67,0.969,7,-4.584,1,0.0327,0.128,0,0.196,0.947,125.018,135040
Pigeon Pit,Nights Like These,0.634,0.328,2,-13.939,1,0.132,0.868,0,0.119,0.88,91.772,121852
Big Joanie,Fall Asleep,0.541,0.97,9,-5.255,1,0.165,0.0873,0,0.323,0.305,137.055,181277
Peaches,Boys Wanna Be Her,0.775,0.513,2,-3.863,1,0.098,0.159,1.44E-06,0.0815,0.711,139.036,235573
Ezra Furman,Driving Down to L.A,0.681,0.522,7,-14.568,1,0.0441,0.0255,0.00294,0.382,0.367,125.97,198000
CJ Run,Spaghetti,0.719,0.555,7,-9.157,1,0.183,0.77,1.40E-05,0.223,0.814,88.251,185015
Tunde Olaniran,Namesake,0.605,0.859,7,-2.715,0,0.169,0.528,0,0.155,0.619,155.98,275695
In Love With a Ghost,Am I a Girl? Am I a Boy? Do I Really Care?,0.928,0.433,0,-12.604,1,0.0638,0.543,0.323,0.0904,0.757,104.981,59481
"Bad Cop, Bad Cop",Womanarchist,0.482,0.944,2,-5.111,1,0.0632,1.39E-05,2.29E-06,0.0578,0.496,107.496,172400
ANOHNI,Why Did You Separate Me from the Earth?,0.614,0.623,7,-6.305,1,0.031,0.0446,1.91E-05,0.402,0.213,131.897,216000
Kim Petras,Slow It Down,0.677,0.649,0,-6.32,0,0.0324,0.0288,0.000214,0.112,0.218,120.016,224988
Le Tigre,Deceptacon,0.603,0.864,4,-3.341,0,0.0668,0.055,0.00493,0.0986,0.616,160.488,184627
Placebo,Nancy Boy,0.391,0.958,10,-5.494,1,0.0832,0.000181,0.000899,0.122,0.326,89.88,210933
Quay Dash,Queen Of This Shit,0.884,0.424,9,-11.622,1,0.348,0.0258,8.54E-05,0.3,0.597,119.988,186070
SOPHIE,Immaterial,0.776,0.717,2,-4.897,1,0.0836,0.115,0.00755,0.327,0.828,139.995,232807
Ruth B.,Lost Boy,0.71,0.0565,7,-15.099,1,0.0534,0.965,0,0.0889,0.348,123.994,275280
The Killers,Spaceman,0.525,0.904,4,-5.488,1,0.0532,0.00257,0.000648,0.12,0.803,151.988,284547
Buzzcocks,Ever Fallen in Love (With Someone You Shouldn't've?) - 1996 Remastered Version,0.266,0.831,4,-9.07,1,0.0453,0.000862,0,0.0555,0.778,175.514,163693
The Cure,Boys Don't Cry,0.462,0.836,11,-5.766,0,0.0621,0.00517,0,0.18,0.671,168.766,155973
Logic,1-800-273-8255,0.62,0.574,5,-7.788,0,0.0479,0.569,0,0.19,0.357,100.023,250173
The Total Bettys,No Kings,0.292,0.644,10,-6.377,1,0.0364,0.77,1.18E-06,0.192,0.454,96.886,197720
Maddie Ross,Loners,0.651,0.51,4,-5.467,0,0.0534,0.0868,0,0.151,0.717,173.917,173470
Vivek Shraya,Girl It's Your Time,0.495,0.455,1,-9.226,1,0.0354,0.471,5.13E-05,0.33,0.134,94.943,140536
Maris,Boys,0.64,0.79,1,-5.52,1,0.0396,0.0447,0.0736,0.151,0.493,115.007,179814
Lipstick Homicide,What’s Expected of You,0.472,0.857,7,-5.962,1,0.0405,0.00024,1.04E-05,0.285,0.642,91.367,143880
Partner,"The ""Ellen"" Page",0.452,0.667,9,-6.269,1,0.0779,0.0133,0,0.196,0.485,122.933,102051
Torrey Mercer,Boys / Girls,0.738,0.606,0,-10.254,1,0.0374,0.0451,2.12E-05,0.289,0.751,90.038,199139
Frankie Simone,Queer,0.677,0.73,2,-5.046,1,0.0326,0.00268,0.00468,0.283,0.33,95.055,187157
Maddie Ross,Hometown,0.708,0.714,7,-7.661,1,0.055,0.000917,0.000125,0.103,0.677,149.991,192200
Sizzy Rocket,Thrills,0.727,0.723,5,-4.781,1,0.0988,0.00416,0.000166,0.121,0.733,90.013,197320
Sapphic Lasers,Dyke Bars Never Last,0.721,0.691,11,-10.285,0,0.0344,0.363,0.177,0.284,0.668,145.964,323652
Nicolette Forte,Hold Your Hand,0.844,0.524,0,-7.263,1,0.223,0.591,1.15E-06,0.0716,0.889,90.078,217000
be steadwell,New Girl,0.559,0.324,0,-12.196,0,0.055,0.767,0.0915,0.0998,0.0946,121.927,236812
Naz & Ella,Love Is Love,0.715,0.159,3,-9.636,1,0.0332,0.633,0,0.111,0.211,115.891,189336
Zolita,Fight Like a Girl,0.509,0.842,10,-4.611,0,0.102,0.205,0,0.185,0.356,149.843,220000
KAYE,Cheshire Kitten,0.77,0.717,9,-7.963,1,0.0358,0.29,0,0.652,0.928,130.021,178539
Track IX,Lipstick,0.684,0.791,8,-6.431,1,0.278,0.00189,1.91E-05,0.327,0.646,104.917,185500
Celine Neon,Boy I'll Be,0.619,0.675,10,-5.654,1,0.0397,0.000323,0.00266,0.265,0.413,120.023,289323
be steadwell,Love Song for a Dom Stripper,0.931,0.278,7,-16.976,0,0.16,0.494,0.00157,0.114,0.563,120.028,278040
Various Artists,Scotty Doesn't Know,0.544,0.762,4,-4.995,1,0.0511,0.000174,8.38E-06,0.126,0.765,157.901,189921
Shawnee,Mirror Me,0.561,0.865,7,-4.055,1,0.0367,0.17,0,0.0782,0.693,97.04,233216
Dump Him,Pretty Like a Boy,0.218,0.759,9,-10.553,1,0.0847,0.0137,0.0138,0.337,0.522,187.487,90000
It Was Romance,Hooking up With Girls,0.273,0.68,5,-7.078,1,0.0319,0.193,0.0579,0.175,0.137,110.021,280514
The Gretchens,I Met A Girl,0.36,0.955,0,-3.171,0,0.0789,0.161,0.0295,0.167,0.526,153.83,103613
Mara Levi,Homo Song,0.615,0.211,1,-8.584,1,0.0837,0.666,0,0.239,0.412,71.892,132813
The Hot as Shits,Hot Bitches,0.53,0.963,7,-0.732,1,0.135,0.374,0,0.199,0.515,126.244,198027
Sequin Sally,Pretty Girls,0.495,0.591,0,-7.365,1,0.0314,0.167,3.70E-06,0.139,0.163,132.918,277606
be steadwell,Witch,0.606,0.153,8,-21.094,0,0.646,0.734,0.000728,0.0948,0.899,159.827,172227
Sizzy Rocket,Break up Song,0.665,0.913,6,-4.623,1,0.0348,0.00145,0.000188,0.604,0.7,99.992,163543
Wasi,Pussy Grabs Back,0.448,0.724,9,-8.771,1,0.0427,0.000215,0.00146,0.241,0.676,160.144,161355
Caitlyn Scarlett,Heart for Rent,0.443,0.335,11,-7.655,1,0.0748,0.726,0,0.111,0.0643,86.052,231614
Heavens To Betsy,Me & Her,0.67,0.657,7,-8.032,1,0.0285,0.489,0.684,0.102,0.688,133.697,164248
Lady Pills,Daddy Warbucks,0.497,0.759,4,-6.025,1,0.0477,0.0819,3.94E-06,0.126,0.284,124.285,174409
Evil,Fleas,0.503,0.337,5,-14.476,1,0.0401,0.751,1.01E-05,0.158,0.328,116.078,188736
Giant Kitty,This Stupid Stuff,0.641,0.682,4,-8.076,1,0.0307,0.0194,0.889,0.106,0.722,118.143,186229
The Tuts,Dump Your Boyfriend,0.466,0.913,7,-1.757,1,0.0339,0.00733,0,0.286,0.613,90.985,211750
Adult Mom,Told Ya So,0.579,0.719,1,-8.656,1,0.0294,0.0218,0.112,0.138,0.879,137.89,155059
be steadwell,Netflix (feat. Asha Santee),0.8,0.178,11,-13.85,1,0.403,0.454,0,0.113,0.436,144.002,158493
Sizzy Rocket,Hot Summer,0.605,0.692,11,-2.218,1,0.0274,0.0811,0.712,0.639,0.707,148.213,69753
Whitney Lindquist,Her,0.733,0.262,10,-13.754,1,0.0526,0.272,0.15,0.101,0.171,104.074,221563
Sara Renberg,The Only Gay Person,0.4,0.44,2,-10.383,1,0.0379,0.361,0.812,0.11,0.301,160.659,160026
Lipstick Jodi,That's so Great,0.509,0.486,0,-9.575,1,0.08,0.0467,0,0.109,0.666,186.137,176787
Julia Weldon,Went to My Woman,0.605,0.613,0,-8.015,1,0.0293,0.059,0.0032,0.107,0.258,104.988,251373
GIRLI,Girls Get Angry Too,0.813,0.696,2,-6.931,1,0.393,0.368,0,0.0535,0.604,127.767,186438
Alicia Champion,Bi (Radio Edit),0.58,0.926,9,-1.457,0,0.103,0.0434,0,0.0857,0.729,130.014,196385
K.I.D,Antisocial,0.48,0.854,2,-5.288,1,0.0355,0.00253,0,0.0666,0.545,139.982,170819
Maddie Ross,Physical,0.669,0.879,10,-4.247,1,0.0996,0.00815,0.00114,0.0534,0.579,128.073,181757
Sara Renberg,Elderly Lesbians,0.666,0.44,10,-9.798,1,0.0325,0.438,5.55E-06,0.0842,0.314,108.043,241051
Lady Pills,Eat Them,0.292,0.951,8,-4.77,0,0.176,0.00616,0.133,0.0689,0.5,187.003,131684
Sir Babygirl,Flirting With Her,0.37,0.717,2,-5.719,1,0.0329,0.000937,0.0946,0.209,0.193,154.78,230973
Mitski,I Don't Smoke - Audiotree Live Version,0.262,0.55,1,-9.992,1,0.0425,0.398,0.00154,0.234,0.31,140.294,173819
Wolfy,Abigail,0.606,0.375,11,-8.654,0,0.0263,0.634,5.10E-06,0.175,0.494,79.992,225606
Two Nice Girls,The Queer Song,0.655,0.74,9,-11.928,1,0.0375,0.498,0.0267,0.206,0.959,127.032,172133
Rae Spoon,Armour,0.585,0.484,2,-9.694,1,0.0279,0.112,0.00199,0.074,0.276,92.477,209840
Daisy O'Connor,Come What May,0.398,0.175,1,-11.153,1,0.0391,0.858,0.000475,0.111,0.173,99.896,194173
Wasi,Floor Talk,0.566,0.611,0,-7.66,1,0.028,0.000148,0.0959,0.116,0.581,145.09,194862
Brooke Candy,FMU (feat. Rico Nasty),0.665,0.784,5,-4.154,0,0.0524,0.0714,0,0.345,0.45,126.016,178667
Jen Foster,Greatness,0.726,0.688,7,-6.999,1,0.0869,0.109,0,0.0809,0.61,119.988,220480
Lady Pills,Irrelevant,0.414,0.749,11,-5.607,0,0.0412,0.0109,4.45E-06,0.0682,0.654,134.903,215443
Hannah & Maggie,Back to Town,0.573,0.422,10,-10.236,1,0.0306,0.73,0,0.111,0.551,153.064,212767
Allie X,Alexandra,0.539,0.306,10,-9.809,1,0.0286,0.819,0.00643,0.097,0.191,128.009,224062
Alix Dobkin,Lesbian Code,0.544,0.343,2,-12.646,1,0.0503,0.856,0,0.708,0.713,142.593,316000
No Girlfriends,Sheets,0.638,0.639,0,-4.056,1,0.0576,0.000372,0.716,0.114,0.554,87.969,166018
The Dollyrots,Be My Leia,0.65,0.486,3,-4.88,1,0.0331,0.109,0,0.16,0.567,74.977,167000
Skating Polly,A Little Late,0.479,0.572,4,-8.016,1,0.0332,0.792,0.00353,0.115,0.376,117.33,313720
Sofya Wang,No Fire,0.573,0.533,11,-4.483,1,0.0324,0.0134,4.32E-06,0.0944,0.149,77.993,193885
Lady Pills,Dream World,0.605,0.767,8,-4.518,1,0.0593,0.11,0,0.0868,0.66,129.776,130041
Mitski,Pearl Diver - Audiotree Live Version,0.254,0.0552,0,-17.175,0,0.0422,0.967,0.00296,0.124,0.173,74.954,172251
CJ Run,Aquafina,0.753,0.72,8,-10.08,0,0.383,0.0858,0,0.114,0.54,139.651,192771
Childbirth,How Do Girls Even Do It?,0.437,0.793,10,-8.852,1,0.0403,0.000135,0.00917,0.189,0.806,167.383,86239
The Total Bettys,Quit My Job,0.36,0.729,9,-6.684,1,0.0348,2.41E-06,0.287,0.107,0.507,144.003,217917
T-Rextasy,Ms. Dolores,0.369,0.78,0,-5.211,1,0.058,0.0975,1.87E-05,0.173,0.667,131.407,154573
T-Rextasy,Ms. Dolores,0.369,0.78,0,-5.211,1,0.058,0.0975,1.87E-05,0.173,0.667,131.407,154573
Evil,Thunderbird,0.756,0.719,2,-8.233,0,0.036,0.343,0.00334,0.935,0.678,116.973,160104
Nicole Dollanganger,Sweet Girl,0.648,0.0961,7,-15.836,1,0.0379,0.878,0,0.0829,0.228,112.221,144500
Timothy Heller,See Ya!,0.494,0.522,0,-7.607,1,0.0344,0.00246,0.000405,0.169,0.566,174.013,245573
The Butchies,Ellen D.,0.487,0.554,11,-9.078,0,0.0835,0.0618,0.000139,0.207,0.24,96.144,273760
Childbirth,You’re Not My Real Dad,0.542,0.963,4,-4.81,0,0.16,0.00324,0.203,0.911,0.458,96.71,84787
T-Rextasy,Gap Yr Boiz,0.346,0.717,7,-5.741,1,0.154,0.509,0.000543,0.145,0.528,153.515,233451
Gothic Tropic,Feed You to the Sharks,0.44,0.552,7,-5.595,0,0.0278,0.0311,9.02E-05,0.124,0.433,68.466,206520
bell's roar,Echoes from Below,0.437,0.421,11,-9.92,0,0.0277,0.562,1.11E-05,0.109,0.0904,95.025,258316
Gaymous,Femme On Femme,0.729,0.607,1,-5.024,1,0.031,0.000536,0.000636,0.0629,0.597,127.994,281939
The Total Bettys,Back Against the Wall,0.133,0.758,9,-6.847,1,0.035,0,0.0525,0.0719,0.542,89.694,242667
GIRLI,Not That Girl - Dream Wife Remix,0.618,0.828,0,-4.185,1,0.192,0.0955,0,0.191,0.874,186.041,224296
Boyfriend,Beauty Is Pain,0.672,0.776,0,-4.906,1,0.0313,0.0126,0.844,0.327,0.47,133.953,170093
The Prettiots,Dream Boy,0.593,0.791,0,-5.105,1,0.0359,0.682,0,0.0895,0.856,158.276,104000
T-Rextasy,I Wanna Be a Punk Rocker,0.306,0.75,11,-5.391,0,0.0718,0.203,0.000503,0.32,0.554,162.082,217676
Alix Dobkin,The Lesbian Power Authority,0.568,0.168,10,-14.833,1,0.044,0.983,0.0875,0.141,0.299,99.383,318400
Hit Like a Girl,It's Always You,0.176,0.893,1,-5.539,0,0.0463,0.00115,0.945,0.0951,0.23,155.059,201290
Shiny Wet Machine,Hospitals,0.46,0.544,2,-7.535,1,0.0308,0.000109,0.000863,0.0536,0.622,79.912,177000
Sara Renberg,Ex Party,0.883,0.396,9,-9.691,1,0.037,0.55,0.0261,0.111,0.616,95.04,299192
K.I.D,Too High to Try,0.412,0.555,11,-7.905,1,0.059,0.115,1.60E-05,0.0869,0.14,151.97,352346
Kim Boekbinder,Head Bitch in Charge (H.B.I.C.),0.722,0.904,0,-5.543,1,0.0509,0.000151,0.297,0.0901,0.752,126.99,214662
Sir Babygirl,Cheerleader - 2019 Remaster,0.622,0.74,2,-7.172,1,0.0445,0.166,0.00279,0.0675,0.41,120.03,248712
Diet Cig,I Don't Know Her,0.664,0.431,5,-11.903,1,0.0297,0.114,0.215,0.118,0.421,122.025,172094
The Sonder Bombs,Shitty Boyfriend,0.43,0.757,4,-3.27,1,0.0968,0.659,0,0.169,0.278,101.319,109636
Hoity-Toity,Opus,0.537,0.639,11,-8.017,1,0.0407,0.0708,0,0.0874,0.612,148.085,197584
tiLLie,Girls Just Wanna Have Fun,0.643,0.408,4,-8.019,1,0.0311,0.402,0,0.157,0.157,107.008,157710
SuperKnova,Genderfluid Jubilee,0.574,0.644,0,-8.099,0,0.036,0.367,0.00681,0.102,0.707,129.996,193846
K.I.D,I Cannot Sleep at Night,0.724,0.819,3,-3.474,0,0.0372,0.089,0,0.0556,0.897,107.931,171387
4th Curtis,Come out!!!,0.67,0.414,6,-8.62,1,0.0248,0.0325,0.00039,0.0986,0.16,88.976,213197
Heidi Marie Vestrheim,Taking off All My Clothes,0.463,0.27,10,-11.417,1,0.0344,0.879,0.000123,0.104,0.39,85.303,187333
Gina Young,Jo Wants a Gun,0.301,0.897,11,-4.871,0,0.054,0.0138,0.000332,0.482,0.629,154.463,139267
No Girlfriends,Only Friend,0.361,0.844,2,-6.912,1,0.138,0.00145,0,0.127,0.536,140.016,226032
Sammus,Genius,0.483,0.651,9,-5.97,0,0.332,0.132,0,0.0987,0.533,80.246,199602
deer scout,little state,0.532,0.233,5,-8.572,1,0.0422,0.576,0,0.111,0.356,161.971,139276
4th Curtis,Anjali,0.538,0.915,9,-6.519,1,0.0511,4.03E-05,0.261,0.168,0.648,119.918,206031
No Girlfriends,Waterfalls,0.34,0.692,9,-6.736,0,0.0442,0.0101,0.0691,0.0874,0.321,80.068,234429
Treya Lam,Sapphire Skies,0.39,0.41,2,-8.759,1,0.0341,0.703,8.70E-06,0.105,0.21,148.028,212054
Liyv,Weeknight,0.865,0.383,6,-7.638,0,0.121,0.471,0,0.11,0.538,144.912,187422
Celine Neon,Kitty,0.775,0.784,5,-5.609,1,0.11,0.127,5.00E-06,0.0651,0.781,92.017,213945
Tomboi,Surrender,0.633,0.692,0,-9.452,1,0.0321,0.0211,0.538,0.222,0.528,140.01,176196
Huxlee,Big Breath In,0.646,0.595,0,-8.137,0,0.0633,0.0635,0.012,0.226,0.515,103.954,142261
A.W.,Different Now,0.799,0.579,0,-6.877,1,0.0322,0.0671,0.00472,0.153,0.57,120.001,185000
Mya Byrne,I Need a Man,0.435,0.467,2,-8.445,1,0.0387,0.0314,0,0.0975,0.451,67.66,281267
4th Curtis,Hero Leander,0.639,0.204,0,-9.855,1,0.0275,0.318,0,0.144,0.0524,84.949,241690
Lucy & La Mer,Rebel Babe (feat. Bugsy),0.368,0.916,5,-5.335,0,0.187,0.0662,0.000107,0.388,0.702,92.036,160000
The Worriers,Mama Said,0.505,0.899,5,-4.175,0,0.0857,0.00507,0,0.0742,0.701,161.052,161499
Damn the Witch Siren,XXX Me,0.712,0.708,4,-7.563,0,0.0408,0.0883,0.00437,0.115,0.502,94.518,237100
Gina Young,Can She Bake A Cherry Pie?,0.557,0.587,11,-10.435,0,0.119,0.292,0,0.135,0.398,117.309,169627
The Prettiots,10/10 Would Chill Again,0.876,0.412,0,-14.841,1,0.133,0.782,3.90E-05,0.153,0.898,109.818,158000
Emily Blue,Sidewalk Devil,0.536,0.302,2,-8.731,1,0.0319,0.746,0,0.109,0.126,132.128,244413
Too Attached,Veins,0.458,0.321,1,-8.09,1,0.088,0.143,4.79E-06,0.0805,0.407,197.885,178613
K.I.D,Dillon,0.625,0.633,9,-7.39,0,0.0546,0.00598,0,0.0861,0.191,122.001,246457
Shea Freedom,Choose Love,0.555,0.423,1,-11.078,1,0.307,0.781,0,0.118,0.697,178.125,346176
4th Curtis,Nobody's Listening,0.596,0.592,1,-6.813,1,0.0332,0.000211,0.0439,0.215,0.48,122.942,198252
Whitney Lindquist,My Girl,0.772,0.418,9,-8.288,1,0.464,0.404,7.06E-06,0.0926,0.736,121.039,204288
Sapphic Lasers,Whiskey & Black Leather,0.722,0.527,7,-10.728,0,0.0371,0.0059,0.632,0.208,0.27,119.999,340565
Sammi Lanzetta,Circles,0.396,0.739,4,-8.133,1,0.0519,0.00205,6.69E-05,0.159,0.398,66.626,134002
Sofya Wang,Need Ya,0.839,0.68,0,-5.188,0,0.0766,0.0664,3.54E-06,0.111,0.679,102.005,160259
Shira,Subtle Creature (feat. Jamila Woods),0.405,0.475,7,-7.536,1,0.0359,0.784,0.00017,0.134,0.356,96.69,487048
The Moon Baby,Pumps By the Pool,0.761,0.561,11,-11.088,0,0.0352,0.352,0.00909,0.312,0.967,127.986,230625
Talk Show Host,I Hate Men - I Hate All Men,0.473,0.856,9,-3.007,1,0.111,0.00356,7.77E-06,0.271,0.557,172.248,167596
Hoity-Toity,Out of Touch,0.622,0.835,9,-5.199,0,0.047,0.0101,0,0.457,0.774,131.093,153946
Ah-Mer-Ah-Su,Powerful,0.369,0.652,7,-5.894,1,0.0422,0.000197,1.60E-05,0.377,0.138,119.789,188461
Noël M-E Rarignac,Your Girlfriend's Mine,0.706,0.396,4,-14.046,0,0.0298,0.375,0.0172,0.227,0.806,119.971,182500
Kitten Forever,Get Loud,0.517,0.572,0,-7.701,1,0.317,0.039,0.00416,0.662,0.963,163.693,43080
Huxlee,Appetite,0.577,0.333,1,-8.707,1,0.0308,0.456,0.001,0.348,0.241,119.98,160131
Cayetana,Am I Dead yet?,0.189,0.889,6,-7.427,1,0.116,0.0258,0.00788,0.109,0.318,153.791,231248
Matt Fishel,Twinks,0.64,0.854,1,-3.418,0,0.0417,0.0353,1.01E-05,0.0634,0.939,147.986,219799
Two Steps on the Water,Camouflage,0.42,0.369,11,-8.299,0,0.0443,0.379,0.000312,0.233,0.24,133.7,345989
Sapphic Musk,Lady Fingers,0.61,0.742,11,-7.364,0,0.0396,0.00177,3.47E-05,0.113,0.761,98.008,180216
Judy Small,Country Town Gaytime Blues,0.704,0.541,7,-10.296,1,0.0288,0.637,0,0.139,0.589,97.483,234027
Ah-Mer-Ah-Su,"Need You, Need Me",0.644,0.589,7,-5.532,1,0.0405,0.000604,1.37E-05,0.279,0.153,120.973,200486
Ah-Mer-Ah-Su,"Need You, Need Me",0.644,0.589,7,-5.532,1,0.0405,0.000604,1.37E-05,0.279,0.153,120.973,200486
Kate Reid,Closet Femme,0.757,0.924,9,-4.893,1,0.0535,0.0553,0,0.173,0.856,110.974,230107
Michete,"Come Get It, Daddy (feat. Reverend Dollars)",0.871,0.685,7,-6.575,1,0.284,0.0473,2.95E-05,0.117,0.659,128.992,223387
Shira,Literally Dead,0.551,0.643,7,-5.444,1,0.0437,0.106,0.000108,0.137,0.639,160.038,234577
Frankie Simone,Blow My Mind,0.657,0.727,8,-7.302,1,0.0892,0.00575,0.0716,0.242,0.543,98.053,218760
Arijit Singh,"Tujhe Kitna Chahne Lage (From ""Kabir Singh"")",0.427,0.396,11,-7.556,1,0.0366,0.736,0,0.11,0.306,70.368,284780
Sachet Tandon,"Bekhayali (From ""Kabir Singh"")",0.308,0.585,9,-5.18,0,0.0428,0.45,0,0.319,0.345,171.843,371791
Various Artists,"Duniyaa (From ""Luka Chuppi"")",0.435,0.658,7,-5.949,0,0.0368,0.699,0,0.125,0.524,77.17,222501
Sonu Nigam,"Suraj Hua Maddham (From ""Kabhi Khushi Kabhie Gham"")",0.626,0.69,5,-5.851,1,0.0595,0.329,0.000209,0.134,0.566,79.995,427547
Sonu Nigam,"Chaiyya Chaiyya (From ""Dil Se"")",0.786,0.579,2,-14.913,1,0.142,0.186,0,0.118,0.481,90.012,416613
A.R. Rahman,Tere Bina,0.744,0.7,2,-7.663,1,0.0376,0.278,0.000155,0.068,0.866,144.043,309640
Pritam,Channa Mereya,0.476,0.788,9,-4.821,0,0.0446,0.237,2.49E-05,0.106,0.746,90.066,289333
Shankar-Ehsaan-Loy,Sajdaa,0.468,0.737,8,-7.274,1,0.0765,0.726,0.00272,0.0655,0.572,79.448,365707
Lata Mangeshkar,"Jiya Jale (From ""Dil Se"")",0.767,0.503,9,-13.424,1,0.0828,0.12,9.56E-05,0.158,0.483,141.996,309107
Monty Sharma,Jab Se Tere Naina,0.599,0.653,0,-7.576,0,0.122,0.362,0,0.144,0.678,79.968,284573
Various Artists,Pani Da Rang (Male),0.672,0.67,4,-7.257,0,0.0315,0.172,0.000198,0.197,0.533,98.032,239333
Kavita Krishnamurthy,"Too Cheez Badi Hain (From ""Mohra"")",0.692,0.875,8,-7.381,1,0.0571,0.545,5.78E-05,0.326,0.787,84.575,385853
Vishal-Shekhar,Radha,0.804,0.748,1,-14.163,0,0.0616,0.11,0,0.0998,0.699,131.989,341360
Sadhana Sargam,"Na Kajare Ki Dhar (From ""Mohra"")",0.51,0.683,0,-8.428,0,0.0404,0.667,1.06E-06,0.362,0.672,145.281,324253
Jatin-Lalit,Ladki Badi Anjani Hai,0.637,0.774,7,-9.327,1,0.056,0.522,0.0001,0.0901,0.731,121.108,381707
Various Artists,Kehna Hi Kya - Bombay / Soundtrack Version,0.693,0.268,9,-15.606,0,0.0774,0.682,0,0.0658,0.587,127.056,353893
A.R. Rahman,Dil Se Re,0.844,0.442,9,-16.54,1,0.0691,0.00882,0.000498,0.0879,0.436,105.986,405707
Arijit Singh,"Gerua (From ""Dilwale"")",0.376,0.668,11,-7.269,0,0.0497,0.635,1.96E-06,0.294,0.404,87.457,345559
Shankar-Ehsaan-Loy,Kal Ho Naa Ho,0.532,0.529,0,-8.402,1,0.0352,0.334,0.000144,0.078,0.295,81.989,321240
Jatin-Lalit,Kabhi Khushi Kabhie Gham,0.429,0.763,1,-5.91,1,0.107,0.524,0.000199,0.127,0.668,100.835,471947
Kailasa,Teri Deewani,0.447,0.6,4,-3.718,0,0.0332,0.324,0,0.0962,0.434,80.044,323520
A.R. Rahman,Muqabala Muqabala,0.87,0.563,0,-11.493,1,0.124,0.102,0.000232,0.0895,0.537,119.782,328893
Pritam,"Dooriyan (From ""Love Aaj Kal"")",0.517,0.716,7,-6.582,0,0.0509,0.611,0,0.11,0.594,122.952,337360
Vishal-Shekhar,"Desi Girl (From ""Dostana"")",0.746,0.924,8,-6.057,1,0.0442,0.0169,0.00279,0.097,0.807,136.051,306987
Udit Narayan,"Ae Ajnabi (From ""Dil Se"")",0.726,0.323,11,-12.599,0,0.0372,0.588,0,0.0951,0.481,121.958,349493
Shreya Ghoshal,"Ye Ishq Hai (From ""Jab We Met"")",0.823,0.637,5,-7.127,0,0.159,0.436,2.15E-06,0.255,0.873,118.043,280974
Rahat Fateh Ali Khan,"Rishte Naate (From ""De Dana Dan"")",0.637,0.825,11,-6.612,1,0.0816,0.352,0,0.389,0.836,92.029,286587
Abhijeet,"Main Koi Aisa Geet Gaoon (From ""Yes Boss"")",0.77,0.485,7,-11.612,1,0.0463,0.166,0.000196,0.289,0.932,121.685,317000
Badshah,Kar Gayi Chull,0.827,0.737,11,-5.473,0,0.0764,0.0316,0.000322,0.211,0.873,121.99,187711
Pritam,Zara Sa,0.467,0.91,11,-3.057,0,0.0516,0.12,0.000308,0.271,0.696,163.792,303680
Pritam,Kabira,0.59,0.555,2,-6.852,1,0.0271,0.481,0,0.192,0.191,84.032,223460
Jatin-Lalit,Chand Sifarish,0.829,0.665,2,-8.128,1,0.0868,0.242,1.75E-05,0.123,0.861,122.043,275931
Adnan Sami,Bheegi Bheegi Raton Mein,0.645,0.476,9,-11.201,0,0.0274,0.52,1.93E-06,0.29,0.78,103.064,363800
Salim–Sulaiman,Tujh Mein Rab Dikhta Hai,0.56,0.604,8,-8.732,1,0.0866,0.315,1.12E-06,0.176,0.75,84.784,281574
Himesh Reshammiya,Aap Ki Khatir,0.755,0.67,8,-11.099,0,0.0426,0.00309,0,0.0674,0.856,119.997,296840
Kishore Kumar,Pal Pal Dil Ke Paas - Blackmail / Soundtrack Version,0.484,0.464,1,-7.529,1,0.0356,0.642,8.28E-06,0.0836,0.502,120.511,328480
A.R. Rahman,Heer,0.33,0.572,4,-9.562,0,0.0548,0.242,1.80E-06,0.155,0.369,78.267,314175
Amit Trivedi,Love You Zindagi,0.688,0.701,3,-7.505,1,0.0298,0.06,0.0301,0.271,0.385,110.019,232505
Sharib Toshi,Saturday Saturday,0.847,0.938,8,-4.615,1,0.0974,0.149,0,0.107,0.786,130.02,210799
Salim–Sulaiman,Halkat Jawani,0.71,0.812,6,-2.497,0,0.119,0.108,2.14E-06,0.465,0.908,131.983,238427
Anuradha Paudwal,"Bahut Pyar Karte Hai (Female Version) - From ""Saajan""",0.452,0.49,4,-11.685,0,0.0397,0.658,5.71E-06,0.167,0.724,123.669,265667
Various Artists,Buddhu Sa Mann,0.644,0.87,10,-4.816,1,0.0394,0.193,0,0.549,0.702,125.998,206858
Various Artists,Laila O Laila - Qurbani / Soundtrack Version,0.662,0.537,7,-9.428,0,0.0632,0.0826,0.00155,0.0843,0.777,132.572,271600
Meet Bros.,Baby Doll,0.836,0.839,4,-2.974,0,0.106,0.275,7.25E-06,0.181,0.507,103.992,213887
Various Artists,Tere Sang Yaara,0.539,0.551,8,-7.351,1,0.0361,0.651,0,0.124,0.556,75.899,286380
Anu Malik,Raat Ka Nasha,0.59,0.596,5,-7.932,0,0.037,0.548,5.16E-06,0.463,0.692,83.113,313613
Asha Bhosle,Yeh Vaada Raha - Yeh Vaada Raha / Soundtrack Version,0.531,0.628,0,-7.218,1,0.0415,0.623,0.00011,0.132,0.642,72.431,408307
Various Artists,Song: Maar Dala,0.652,0.502,6,-9.076,0,0.0675,0.509,5.29E-05,0.0583,0.745,150.088,246653
Amit Trivedi,Gal Mitthi Mitthi,0.906,0.699,0,-5.526,1,0.0462,0.13,0.0165,0.178,0.938,129.946,255907
Various Artists,"Mehbooba Mehbooba - From “Sholay Songs And Dialogues, Vol. 2” Soundtrack",0.54,0.479,3,-10.44,1,0.0353,0.979,0.578,0.161,0.396,111.338,230600
Amit Mishra,"Manma Emotion Jaage (From ""Dilwale"")",0.762,0.822,0,-2.758,1,0.0425,0.0284,0,0.367,0.467,101.998,209412
Various Artists,"Tauba Tumhare Ye Ishaare (From ""Chalte Chalte"")",0.653,0.872,4,-5.042,1,0.137,0.285,0,0.0821,0.747,92.976,262987
Jeet Gannguli,Hasi - Male Version,0.296,0.581,6,-5.945,0,0.0338,0.433,0,0.0577,0.231,147.935,272669
Anirudh Ravichander,Why This Kolaveri Di? - The Soup of Love,0.82,0.785,5,-4.003,0,0.158,0.59,1.79E-05,0.372,0.894,140.013,259293
Himesh Reshammiya,Prem Ratan Dhan Payo,0.451,0.922,11,-6.26,1,0.216,0.48,3.65E-05,0.0616,0.495,92.409,319343
Anu Malik,Apun Bola,0.859,0.568,7,-11.387,1,0.0911,0.0617,0,0.257,0.644,93.013,266627
Imran Khan,Amplifier,0.727,0.714,2,-4.494,1,0.0872,0.0209,0,0.153,0.618,164.003,232907
Various Artists,"Agar Zindagi Ho (From ""Balmaa"")",0.53,0.732,11,-8.834,0,0.0318,0.362,0.000405,0.495,0.905,147.807,475253
Krsna Solo,Sadi Gali,0.726,0.994,5,-2.433,0,0.0543,0.021,0.0108,0.222,0.779,129.989,264900
Pritam,Pee Loon,0.656,0.722,8,-5.064,1,0.0364,0.277,0.000138,0.187,0.883,83.949,285687
Various Artists,Dil Diyan Gallan,0.716,0.64,2,-8.726,1,0.025,0.565,0.00139,0.127,0.485,105.012,260537
Jatin-Lalit,Suno Na Suno Na,0.6,0.433,9,-17.076,1,0.0409,0.0753,0,0.0724,0.378,88.001,321227
Jaz Dhami,High Heels,0.891,0.913,1,-4.453,1,0.149,0.394,0.000173,0.373,0.772,130.045,297771
Falguni Pathak,Maine Payal Hai Chhankai,0.661,0.704,4,-12.395,1,0.05,0.0746,0.00265,0.0815,0.703,90.052,278867
Sachin-Jigar,Sun Saathiya,0.456,0.668,9,-7.795,0,0.0373,0.604,0.000145,0.141,0.263,144.062,218724
Neha Kakkar,"London Thumakda (From ""Queen"")",0.835,0.718,0,-6.614,1,0.0816,0.363,0.000919,0.0625,0.64,139.968,230468
Jawad Ahmad,"Samjhawan (Unplugged by Alia Bhatt) [From ""Humpty Sharma Ki Dulhania""]",0.643,0.256,10,-9.758,1,0.0252,0.729,1.02E-06,0.0994,0.444,94.999,215611
Imran Khan,Bewafa,0.704,0.563,4,-4.739,0,0.0297,0.594,0,0.133,0.0739,94.037,224853
Pritam,Subha Hone Na De,0.728,0.9,8,-4.529,1,0.0452,0.0805,0.0485,0.154,0.503,131.971,288696
Nadeem Shravan,Pari Pari,0.652,0.612,8,-10.022,1,0.0391,0.171,8.27E-06,0.0762,0.666,158.063,288453
Shankar-Ehsaan-Loy,Senorita,0.701,0.681,9,-6.442,1,0.0466,0.134,0,0.064,0.81,122.539,229576
Vishal-Shekhar,Dard - E - Disco,0.837,0.839,11,-5.548,1,0.0468,0.0381,0.000193,0.301,0.679,107.025,268713
Vishal-Shekhar,Chammak Challo,0.742,0.879,0,-4.274,0,0.0328,0.0696,7.17E-06,0.0981,0.936,133.946,227091
Various Artists,"Mora Piya (From ""Raajneeti"")",0.558,0.572,3,-7.723,0,0.0429,0.257,0.000564,0.0689,0.337,94.105,344773
Vishal-Shekhar,Titli,0.679,0.421,7,-9.13,0,0.0344,0.685,6.81E-06,0.244,0.65,81.012,350618
A.R. Rahman,"Guzarish (From ""Ghajini"")",0.595,0.624,9,-10.943,0,0.0603,0.0925,0,0.114,0.647,170.001,327030
Various Artists,Barsaat,0.635,0.45,9,-13.535,0,0.0286,0.51,2.80E-06,0.301,0.757,103.033,360867
Anu Malik,Om Mangalam,0.792,0.81,9,-3.25,1,0.0356,0.263,0,0.158,0.674,112.981,264227
Jagjit Singh,Hothon Se Chhu Lo Tum - From Prem Geet,0.557,0.327,4,-13.651,1,0.0273,0.844,0.000732,0.118,0.61,98.225,297707
Mika Singh,"Laila (From ""Shootout At Wadala"")",0.743,0.89,7,-5.146,1,0.17,0.0829,1.61E-06,0.0583,0.696,129.99,215040
Amaal Mallik,Chittiyaan Kalaiyaan,0.793,0.887,7,-5.285,1,0.0954,0.0962,6.39E-05,0.623,0.602,100.007,246100
Bally Sagoo,Noorie,0.624,0.503,8,-8.088,0,0.0256,0.0439,0.000773,0.101,0.548,94.113,371440
Mithoon,Sunn Raha Hai,0.394,0.641,0,-6.493,0,0.0312,0.276,0,0.0958,0.335,81.932,390223
Ram Sampath,Ambarsariya,0.649,0.458,4,-7.632,0,0.0446,0.574,0,0.113,0.748,180.071,248182
Palak Muchhal,"Kaun Tujhe (From ""M.S.Dhoni - The Untold Story"")",0.531,0.431,2,-8.937,0,0.037,0.868,2.47E-05,0.127,0.19,107.99,241449
Armaan Malik,Tumhe Apna Banane Ka,0.503,0.604,9,-7.127,0,0.0342,0.876,0.0838,0.0433,0.308,87.048,310077
Daler Mehndi,Bolo Ta Ra Ra,0.703,0.848,6,-11.002,1,0.0462,0.282,0.295,0.0454,0.921,144.899,313027
Mithoon,Sanam Re (Lounge Mix),0.668,0.362,3,-8.408,0,0.0268,0.912,0.000454,0.162,0.314,108.956,277134
Yo Yo Honey Singh,Dheere Dheere,0.73,0.58,0,-7.976,1,0.124,0.0399,2.48E-05,0.0703,0.55,167.915,212413
K. S. Chithra,"Ye Toh Sach Hai Ke Bhagwan - From ""Hum Saath-Saath Hain""",0.584,0.716,9,-4.665,0,0.0362,0.459,5.29E-05,0.14,0.683,95.021,409130
Pritam,Paisa,0.83,0.775,7,-6.765,1,0.103,0.137,0,0.192,0.885,105.623,234387
Vishal-Shekhar,Jabra Fan - Hindi Version,0.827,0.88,9,-4.185,1,0.269,0.221,0,0.0392,0.911,95.84,225000
Abhijeet Sawant,Mohabbatein Lutaaunga,0.62,0.637,8,-9.692,1,0.0437,0.101,3.44E-06,0.194,0.499,83.995,356440
Maize Mirchi,Jashn-E-Bahara,0.586,0.397,9,-9.202,1,0.0352,0.774,0,0.0962,0.31,132.037,188000
Vishal-Shekhar,Bulleya,0.675,0.579,4,-11.976,1,0.0308,0.369,3.38E-06,0.118,0.724,97.01,357068
Sajid-Wajid,Soni De Nakhre,0.829,0.852,6,-5.4,1,0.0477,0.00698,0.000278,0.055,0.912,131.989,261013
"Gajendra Verma, Neeraj Shridhar, Sachin Gupta","Mann Mera (From ""Table No. 21"")",0.54,0.774,1,-7.873,0,0.0444,0.0524,0,0.142,0.384,191.809,198125
The Doorbeen,Lamberghini,0.957,0.579,11,-7.257,1,0.0512,0.5,0,0.0737,0.856,103.981,216905
Sajid-Wajid,Munni Badnaam,0.696,0.95,1,-4.942,1,0.0963,0.0873,0.000345,0.0944,0.743,125.029,305017
Amit Trivedi,Pareshaan,0.446,0.398,2,-11.353,0,0.0358,0.421,5.48E-05,0.112,0.259,149.839,292075
Arko,Teri Mitti - Female Version (Kesari),0.584,0.188,4,-10.067,1,0.0314,0.945,0,0.0871,0.393,144.068,217000
Rahat Fateh Ali Khan,"Sanu Ek Pal Chain (From ""Raid"")",0.71,0.813,7,-6.099,1,0.0381,0.545,1.68E-05,0.105,0.847,139.998,210346
Atif Aslam,"Dekhte Dekhte (From ""Batti Gul Meter Chalu"")",0.799,0.828,9,-4.846,0,0.0782,0.424,0,0.145,0.627,105.04,256271
A.R. Rahman,Marvel Anthem,0.668,0.335,2,-9.667,1,0.0449,0.386,0,0.102,0.245,89.927,202671
Karan Sehmbi,"Photo (From ""Luka Chuppi"")",0.739,0.644,0,-5.881,0,0.0503,0.103,0,0.189,0.315,94.996,177159
Pritam,"Hawayein (From ""Jab Harry Met Sejal"")",0.606,0.601,2,-5.576,1,0.0283,0.795,0.000522,0.127,0.453,125.964,289999
Amit Trivedi,Aaj Se Teri,0.708,0.567,9,-5.703,1,0.0338,0.589,1.01E-06,0.178,0.862,79.992,312240
Sonu Nigam,"Chaiyya Chaiyya (From ""Dil Se"")",0.786,0.579,2,-14.913,1,0.142,0.186,0,0.118,0.481,90.012,416613
Abhijeet,"Main Koi Aisa Geet Gaoon (From ""Yes Boss"")",0.77,0.485,7,-11.612,1,0.0463,0.166,0.000196,0.289,0.932,121.685,317000
Jatin-Lalit,Ae Kash Ke Hum,0.364,0.687,0,-7.967,1,0.0571,0.656,0,0.175,0.663,161.008,310427
Shankar-Ehsaan-Loy,Noor E Khuda,0.549,0.533,2,-8.41,1,0.0307,0.708,0.00147,0.12,0.216,114.847,397080
Darshan Raval,"Chogada (From ""Loveyatri"")",0.359,0.972,7,-3.452,1,0.109,0.136,2.52E-06,0.14,0.595,62.914,249742
Arijit Singh,"Dil Cheez Tujhe Dedi (From ""Airlift"")",0.699,0.665,2,-6.921,0,0.0483,0.0207,0,0.376,0.558,105.053,271330
Various Artists,Samjhawan,0.65,0.482,4,-8.667,1,0.0281,0.293,0,0.0811,0.517,106.994,269185
Various Artists,Pal Bhar Ke Liye - Johny Mera Naam / Soundtrack Version,0.63,0.514,6,-11.074,1,0.0794,0.741,0,0.386,0.844,105.675,305440
Ankit Tiwari,"Zindagi (From ""Pranaam"")",0.371,0.409,11,-10.158,0,0.029,0.638,7.10E-05,0.116,0.292,143.871,369619
Shankar-Ehsaan-Loy,Pretty Woman,0.677,0.942,11,-6.105,0,0.16,0.124,0.0132,0.0819,0.598,173.991,353880
Pritam,Janam Janam,0.301,0.581,11,-7.324,0,0.0422,0.602,0,0.0757,0.235,132.051,237897
Akhil,Khaab,0.662,0.661,0,-5.689,1,0.0514,0.417,0,0.0784,0.222,80.009,201689
Harrdy Sandhu,Backbone,0.501,0.828,3,-2.495,0,0.114,0.053,0,0.135,0.483,84.659,175059
Pav Dharia,Na Ja,0.772,0.649,2,-6.411,1,0.143,0.0724,0,0.0761,0.824,90.072,208000
Maninder Buttar,Sakhiyaan,0.706,0.674,9,-5.932,1,0.044,0.3,0,0.202,0.359,83.001,179326
Param Singh,Daru Badnaam,0.541,0.676,8,-3.893,0,0.153,0.442,0,0.159,0.845,90.037,185333
Diljit Dosanjh,Do You Know,0.697,0.796,1,-3.685,0,0.0742,0.155,0,0.162,0.312,85.002,211765
Garry Sandhu,Illegal Weapon,0.814,0.666,6,-6.555,1,0.0635,0.488,4.23E-05,0.108,0.714,94.02,230000
Ammy Virk,Qismat,0.43,0.744,11,-5.105,0,0.132,0.498,0,0.381,0.736,87.726,243871
Amrit Maan,Bamb Jatt,0.817,0.842,3,-4.361,0,0.071,0.239,0,0.102,0.632,133.965,234668
Kulwinder Billa,Palazzo,0.652,0.801,1,-6.237,0,0.0813,0.22,0,0.0715,0.74,81.058,198784
Ninja,Aadat,0.326,0.638,11,-7.02,0,0.211,0.209,0,0.0931,0.287,76.785,247954
Parmish Verma,4 Yaar,0.751,0.816,2,-4.073,0,0.111,0.0469,0,0.394,0.36,85.995,181755
Karan Sehmbi,"Photo (From ""Luka Chuppi"")",0.739,0.644,0,-5.881,0,0.0503,0.103,0,0.189,0.315,94.996,177159
Various Artists,Blah Blah Blah (Mixed),0.562,0.993,0,-4.287,1,0.128,0.00014,0.0184,0.333,0.0471,136.351,76138
Various Artists,Exposure (Mixed),0.329,0.951,11,-5.216,0,0.0788,0.000183,0.111,0.489,0.341,135.144,74726
Various Artists,Venture (Mixed),0.488,0.978,4,-4.228,1,0.129,2.52E-05,0.242,0.365,0.371,129.502,59159
Various Artists,Before I Wake (Mixed),0.439,0.989,5,-4.148,0,0.159,0.00251,0.823,0.338,0.0393,133.132,87024
Various Artists,Playmo (1st Play) [Mixed],0.488,0.973,6,-5.018,1,0.0616,4.81E-05,0.931,0.188,0.546,138.283,41918
Various Artists,EIFORYA (Mixed),0.471,0.909,5,-5.126,1,0.142,0.0044,0.106,0.399,0.624,130.697,72867
Various Artists,Endymion (Mixed),0.581,0.919,0,-4.145,0,0.0521,0.000518,0.817,0.548,0.0367,129.361,104107
Various Artists,Invasion (A State Of Trance 550 Anthem) [Mixed],0.379,0.942,0,-3.968,1,0.428,0.0219,0.459,0.366,0.41,130.613,80055
Various Artists,Waiting (Mixed),0.484,0.887,6,-4.829,0,0.236,0.00349,0,0.649,0.295,134.087,42779
Various Artists,Our Origin (Mixed),0.477,0.817,9,-6.679,0,0.0354,0.0154,0.447,0.2,0.274,132.462,194279
Armin van Buuren,Blah Blah Blah,0.612,0.963,5,-3.912,0,0.0531,0.00897,0.00378,0.294,0.179,138.009,183519
Various Artists,Exposure (Mixed),0.329,0.951,11,-5.216,0,0.0788,0.000183,0.111,0.489,0.341,135.144,74726
Various Artists,Venture (Mixed),0.488,0.978,4,-4.228,1,0.129,2.52E-05,0.242,0.365,0.371,129.502,59159
Various Artists,Before I Wake (Mixed),0.439,0.989,5,-4.148,0,0.159,0.00251,0.823,0.338,0.0393,133.132,87024
Various Artists,Playmo (1st Play) [Mixed],0.488,0.973,6,-5.018,1,0.0616,4.81E-05,0.931,0.188,0.546,138.283,41918
Various Artists,EIFORYA (Mixed),0.471,0.909,5,-5.126,1,0.142,0.0044,0.106,0.399,0.624,130.697,72867
Various Artists,Invasion (A State Of Trance 550 Anthem) [Mixed],0.379,0.942,0,-3.968,1,0.428,0.0219,0.459,0.366,0.41,130.613,80055
Various Artists,Endymion (Mixed),0.581,0.919,0,-4.145,0,0.0521,0.000518,0.817,0.548,0.0367,129.361,104107
Dash Berlin,Waiting - Original Mix,0.631,0.636,9,-9.219,1,0.0527,0.0195,2.00E-05,0.0689,0.34,135.989,568942
Armin van Buuren,Our Origin,0.452,0.927,9,-6.496,0,0.033,0.00946,0.353,0.118,0.0372,131.984,211406
Gareth Emery,Yesterday,0.511,0.696,0,-4.358,0,0.0427,0.285,0.000106,0.206,0.291,129.893,199500
Gareth Emery,Laserface 01 (Aperture),0.553,0.825,9,-7.068,0,0.0382,0.0133,0.894,0.159,0.215,135.998,153444
Gareth Emery,Somebody,0.63,0.68,8,-7.345,1,0.0346,0.102,0,0.0944,0.471,113.036,210004
Gareth Emery,Saving Light,0.466,0.93,4,-2.555,0,0.0627,0.0707,0.0009,0.33,0.134,129.99,275646
Gareth Emery,Concrete Angel,0.624,0.86,7,-6.652,1,0.0435,0.00604,0.000872,0.276,0.558,130.006,236733
Gareth Emery,Take Everything,0.506,0.823,6,-5.272,1,0.0424,0.0234,0.000916,0.303,0.405,133.954,212239
Gareth Emery,Kingdom United,0.58,0.915,7,-5.278,1,0.0397,0.000892,0.0232,0.209,0.0398,133.004,326500
Gareth Emery,Lionheart - Tom Fall Remix,0.475,0.925,1,-3.942,0,0.0473,0.0302,2.52E-06,0.129,0.259,130.02,175385
Gareth Emery,Reckless,0.619,0.805,5,-4.759,1,0.0452,0.29,0,0.236,0.354,128.039,202353
Gareth Emery,Sanctuary - Radio Edit,0.587,0.697,7,-6.723,0,0.0337,0.00341,0.191,0.272,0.309,133.972,225709
Various Artists,Romantic Mashup 2(Remix By Dj Chetas),0.517,0.761,8,-5.118,0,0.0411,0.0928,1.97E-06,0.268,0.338,99.999,325172
Vishal-Shekhar,Nashe Si Chadh Gayi,0.799,0.784,4,-5.207,0,0.0519,0.11,2.84E-06,0.227,0.26,96.953,237876
Mithoon,"Chal Ghar Chalen (From ""Malang - Unleash The Madness"") [Mithoon feat. Arijit Singh]",0.285,0.238,5,-9.623,0,0.0375,0.663,9.23E-06,0.0793,0.213,179.918,340672
Mithoon,Intezaar,0.46,0.466,2,-7.721,1,0.0463,0.642,0,0.067,0.144,118.884,267520
Various Artists,Love Mashup 2019,0.607,0.515,7,-9.401,1,0.0299,0.216,0.000265,0.314,0.283,97.947,265830
Various Artists,"Valentine's Mashup 2019(Remix By Kedrock,Sd Style)",0.595,0.61,7,-6.887,0,0.0498,0.33,2.18E-06,0.0628,0.314,97.974,212522
Mithoon,"Darkhaast (feat. Arijit Singh, Sunidhi Chauhan)",0.523,0.557,7,-7.799,1,0.0293,0.813,0.000581,0.0958,0.196,111.766,374205
Various Artists,Phir Bhi Tumko Chaahunga,0.527,0.525,1,-8.106,1,0.0337,0.876,1.41E-05,0.172,0.257,99.638,351588
Jubin Nautiyal,"Lo Safar (From ""Baaghi 2"")",0.527,0.469,7,-9.562,0,0.0247,0.856,0.00393,0.121,0.403,90.933,282023
Arijit Singh,"Sanam Re (From ""Sanam Re"")",0.581,0.71,7,-4.961,0,0.0374,0.395,0,0.137,0.755,111.969,308714
Sachin-Jigar,Haareya,0.675,0.392,4,-10.11,0,0.037,0.773,0,0.109,0.534,123.935,214736
Sohail Sen,Jiya,0.468,0.651,4,-8.36,1,0.0296,0.262,8.26E-05,0.0745,0.463,172.049,283742
Jasleen Royal,Khol De Par,0.771,0.448,9,-10.965,1,0.0306,0.516,0.000423,0.112,0.439,110,193178
Amit Trivedi,Junooni,0.376,0.52,7,-7.009,1,0.0287,0.186,8.37E-06,0.131,0.296,169.937,296378
Shankar-Ehsaan-Loy,Sajde,0.499,0.48,1,-6.45,1,0.0415,0.619,0,0.319,0.577,99.886,325460
Shankar-Ehsaan-Loy,My Name Is Ranveer Ching,0.553,0.858,1,-4.647,1,0.317,0.0878,0,0.0734,0.783,131.682,190642
Amit Trivedi,Hulchul,0.48,0.858,2,-4.902,1,0.0713,0.0384,1.99E-06,0.506,0.437,160.065,237683
Arijit Singh,Jiya EDM Mix,0.778,0.805,4,-3.846,1,0.0281,0.00655,0.00889,0.0738,0.654,128.011,185640
Amit Trivedi,Udanchoo,0.681,0.736,4,-6.131,0,0.0416,0.191,0,0.215,0.767,143.961,207177
Various Artists,I am India-Full Song,0.82,0.808,11,-6.02,1,0.187,0.0767,5.62E-05,0.323,0.909,134.014,223383
Arijit Singh,Jag Mag,0.874,0.788,1,-6.793,1,0.0906,0.146,6.79E-05,0.0507,0.879,107.997,192418
Arijit Singh,Poshampa,0.757,0.863,6,-4.891,0,0.0308,0.141,1.18E-05,0.153,0.762,133.971,268460
Various Artists,Into The Night,0.564,0.616,2,-7.436,0,0.0533,0.0755,0,0.092,0.43,109.845,176106
DMNDS,Honey,0.701,0.908,5,-4.499,0,0.0533,0.0011,6.36E-05,0.614,0.181,124.039,200060
Big Z,Wednesday,0.728,0.823,8,-4.552,1,0.129,0.0702,7.26E-06,0.28,0.452,119.828,168556
ToonSquad,Save The World,0.482,0.873,8,-3.95,1,0.0499,0.26,1.92E-06,0.103,0.191,129.937,218058
Devan,Humana,0.733,0.629,8,-10.025,0,0.133,0.00811,0.00166,0.0816,0.475,97.959,191074
Nate VanDeusen,Far Away,0.677,0.695,2,-8.719,1,0.0419,0.563,1.80E-06,0.0381,0.431,104.961,223335
NUDØ,Change My Mind [RØGUENETHVN Remix],0.61,0.87,1,-4.664,1,0.0577,0.109,6.51E-05,0.311,0.505,77.958,155417
Various Artists,Heartbeat (Norro Remix),0.689,0.844,6,-5.831,1,0.0431,0.00398,0.00103,0.141,0.175,124.005,210430
Savana,Quiero Sentir,0.646,0.631,6,-7.726,0,0.128,0.155,0,0.111,0.224,97.046,178250
Various Artists,Give A Little Love,0.64,0.881,3,-5.263,0,0.0409,0.00212,8.37E-05,0.138,0.172,126.075,221376
FANNYPACK,Simple (STVW Remix),0.434,0.917,9,-3.613,0,0.0633,0.301,1.80E-05,0.289,0.622,121.967,147554
Joshua Francois,Treasure in My Soul,0.742,0.906,0,-2.801,1,0.0861,0.315,0,0.396,0.703,123.042,193216
Various Artists,Your Way,0.718,0.739,2,-5.721,0,0.0377,0.203,0.000474,0.218,0.658,106.993,177203
Big Z,Alive,0.706,0.838,1,-3.468,1,0.202,0.301,3.43E-06,0.566,0.363,122.939,203456
Various Artists,Into The Night,0.564,0.616,2,-7.436,0,0.0533,0.0755,0,0.092,0.43,109.845,176106
Manuals,Bam Bam,0.729,0.662,7,-5.703,1,0.059,0.168,0,0.314,0.651,90.057,186000
Maori,In the Dark,0.644,0.735,5,-6.076,0,0.0543,0.0746,0,0.123,0.476,123.052,191220
ALLEGRØ,Find Me - Radio Edit,0.709,0.73,11,-3.661,0,0.0336,0.134,8.99E-06,0.287,0.667,124.997,180960
Jaimes,Lovesong.Mp3,0.763,0.317,7,-14.459,1,0.0329,0.626,0,0.662,0.339,99.949,246538
Maori,In the Dark - Original Club Mix,0.755,0.64,5,-6.321,0,0.0534,0.0152,2.74E-06,0.153,0.615,122.999,241929
Various Artists,Psycho Saiyaan,0.785,0.746,10,-2.672,0,0.149,0.0916,1.98E-05,0.121,0.864,189.988,166294
Arijit Singh,"Pachtaoge (From ""Jaani Ve"")",0.515,0.691,5,-4.028,0,0.0344,0.624,0,0.121,0.484,169.521,226789
Various Artists,"O Saki Saki (From ""Batla House"")",0.737,0.961,10,-0.155,0,0.0747,0.163,0,0.361,0.567,108.014,191089
Various Artists,Tera Ban Jaunga,0.605,0.53,11,-6.346,1,0.0246,0.822,0,0.131,0.399,93.951,236437
Sachet Tandon,"Mere Sohneya (From ""Kabir Singh"")",0.376,0.643,9,-5.713,1,0.0411,0.558,0,0.217,0.646,136.224,193356
Various Artists,Ve Maahi,0.65,0.551,0,-6.906,1,0.0274,0.405,0,0.219,0.294,102.934,223999
Arijit Singh,"Ghungroo (From ""War"")",0.695,0.727,6,-6.274,0,0.0323,0.0744,0.000175,0.533,0.864,118.034,302935
A.R. Rahman,"Enna Sona (From ""OK Jaanu"")",0.717,0.416,7,-9.875,0,0.0303,0.635,1.43E-06,0.0976,0.381,100.026,213632
Falguni Pathak,Aiyo Rama,0.66,0.53,3,-12.978,0,0.306,0.112,3.72E-06,0.0537,0.759,181.969,286800
Bappi Lahiri,Jano Meri Jano,0.385,0.462,11,-11.489,0,0.0346,0.453,3.41E-05,0.0919,0.581,81.964,406573
A.R. Rahman,Maahi Ve,0.604,0.72,5,-7.276,1,0.0603,0.571,1.18E-05,0.12,0.528,130.995,240784
Various Artists,"So Gaya Yeh Jahan (From ""Bypass Road"")",0.662,0.598,7,-7.753,1,0.0459,0.43,3.68E-06,0.0879,0.653,94.025,152277
Jatin-Lalit,Meri Duniya Hai,0.634,0.54,0,-10.506,1,0.0297,0.491,5.53E-05,0.115,0.81,121.061,278107
Pritam,Alvida,0.287,0.655,2,-5.566,1,0.0372,0.594,7.51E-06,0.11,0.239,84.015,338587
Kishore Kumar,"Kehdoon Tumhen - From ""Deewaar""",0.332,0.642,9,-1.312,1,0.0363,0.724,3.50E-05,0.0834,0.621,105.993,221920
Lata Mangeshkar,"Saagar Kinare - From ""Saagar""",0.523,0.516,5,-7.394,1,0.0297,0.624,1.16E-05,0.232,0.51,118.717,257800
Altaf Raja,Mere Rashke Qamar,0.717,0.775,8,-7.246,1,0.222,0.597,0,0.235,0.833,104.955,293187
Himesh Reshammiya,Oodhni,0.636,0.962,6,-6.491,1,0.137,0.228,0,0.0406,0.448,117.016,413147
Shankar-Ehsaan-Loy,"Kya Karoon? (From ""Wake Up Sid "")",0.594,0.548,9,-7.588,0,0.0267,0.611,0.00146,0.117,0.374,98.014,236160
Kishore Kumar,Pal Pal Dil Ke Paas - Blackmail / Soundtrack Version,0.484,0.464,1,-7.529,1,0.0356,0.642,8.28E-06,0.0836,0.502,120.511,328480
Arijit Singh,"Roke Na Ruke Naina (From ""Badrinath Ki Dulhania"")",0.503,0.381,9,-9.31,1,0.0283,0.722,1.15E-05,0.154,0.263,80.658,278402
Pritam,Hawayein,0.606,0.601,2,-5.576,1,0.0283,0.795,0.000522,0.127,0.453,125.964,289999
Various Artists,Dua-Saware,0.46,0.616,0,-6.606,0,0.0343,0.718,9.83E-06,0.142,0.487,144.854,318635
Various Artists,Soch Na Sake-Sab Tera,0.518,0.534,5,-8.068,1,0.0322,0.654,0.000152,0.0887,0.32,153.969,283110
Pritam,Tum Mile,0.738,0.799,0,-6.663,1,0.0334,0.319,4.89E-06,0.31,0.794,123.011,343787
Jeet Gannguli,"Baatein Ye Kabhi Na (From ""Khamoshiyan"") - Male",0.558,0.506,1,-6.761,0,0.0236,0.704,3.05E-06,0.0896,0.358,90.001,289013
Various Artists,"Wada Karo - From ""Aa Gale Lag Jaa""",0.389,0.699,5,-5.05,0,0.0415,0.633,2.26E-06,0.709,0.527,87.427,314707
Laxmikant–Pyarelal,Aaj Phir Tum Pe,0.436,0.619,10,-11.49,0,0.0528,0.739,1.94E-05,0.0695,0.668,87.631,398760
Mohit Chauhan,"Achha Lagta Hai (From ""Aarakshan"")",0.845,0.555,8,-7.498,1,0.0749,0.00248,1.66E-05,0.0877,0.632,101.967,236093
2008 Top Pop Songs,Falling to Pieces,0.66,0.695,10,-5.612,1,0.0259,0.0871,0,0.0875,0.402,93.925,255076
Ved Sharma,"Malang (Title Track) [From ""Malang - Unleash The Madness""]",0.384,0.728,7,-6.503,0,0.0623,0.329,1.85E-05,0.329,0.311,156.396,287374
Mannan Shaah,Proper Patola,0.77,0.824,1,-6.491,0,0.0851,0.485,0,0.318,0.49,172.006,178605
Jeet Gannguli,Hamari Adhuri Kahani (Title Track),0.223,0.359,0,-7.569,1,0.0312,0.845,0,0.133,0.193,73.059,398799
Kishore Kumar,"Nahin Nahin Abhi Nahin - From ""Jawani Diwani""",0.666,0.47,11,-7.469,1,0.0328,0.695,2.70E-05,0.146,0.896,144.569,243067
Kishore Kumar,"Jahan Teri Yeh Nazar Hai - From ""Kaalia""",0.498,0.705,8,-6.932,1,0.0773,0.488,0.000173,0.113,0.962,176.821,324307
Vishal-Shekhar,Fakira,0.618,0.707,0,-6.554,0,0.0398,0.738,0.00442,0.0876,0.711,80.078,288020
Salim–Sulaiman,Kurbaan Hua,0.54,0.718,2,-6.169,0,0.0429,0.022,0.000119,0.248,0.526,166.003,259360
Pritam,Golmaal,0.861,0.874,4,-4.458,0,0.0767,0.132,0.00122,0.312,0.961,133.026,242485
Ismail Darbar,Chand Chhupa Badal Mein,0.402,0.61,11,-9.509,0,0.141,0.368,0,0.109,0.463,86.248,347013
Pritam,Gunji Aangna Mein Shehnai,0.573,0.853,7,-5.155,1,0.195,0.306,0,0.426,0.577,184.984,308744
Kumar Sanu,"Mera Dil Bhi Kitna Pagal Hai (From ""Saajan"")",0.474,0.498,8,-10.146,1,0.0302,0.725,0,0.0852,0.759,100.93,324893
Kishore Kumar,"Tera Mujhse - From ""Aa Gale Lag Jaa""",0.327,0.679,0,-4.734,1,0.0419,0.744,1.32E-05,0.0794,0.503,79.291,339667
Himesh Reshammiya,Aisa Deewana,0.335,0.775,9,-5.51,0,0.0853,0.556,3.58E-06,0.0856,0.738,93.629,313267
Himesh Reshammiya,Kyon Ki Itna Pyar,0.602,0.819,2,-5.43,0,0.0929,0.468,0,0.1,0.429,82.027,356480
Lata Mangeshkar,"Kya Yahi Pyar Hai - From ""Rocky""",0.648,0.41,7,-9.564,0,0.0268,0.413,0,0.12,0.601,102.64,384493
Shankar-Ehsaan-Loy,"Kya Karoon? (From ""Wake Up Sid "")",0.594,0.548,9,-7.588,0,0.0267,0.611,0.00146,0.117,0.374,98.014,236160
Kumar Sanu,"Tum Dil Ki Dhadkan Mein (From ""Dhadkan"")",0.59,0.568,0,-12.8,1,0.0344,0.633,0,0.451,0.502,112.019,314227
Jeet Gannguli,Darbadar,0.549,0.617,5,-6.48,0,0.0344,0.75,8.93E-05,0.124,0.407,86.029,262100
A.R. Rahman,Roobaroo,0.675,0.582,9,-8.891,1,0.0277,0.661,5.56E-06,0.0854,0.538,120.991,282973
Kalyanji-Anandji,Neele Neele Ambar Par - Male Version,0.562,0.696,0,-7.612,1,0.0397,0.628,0,0.172,0.722,93.801,320000
Various Artists,Zero Hour Mashup 2015(Remix By Dj Kiran Kamath),0.803,0.931,1,-2.471,0,0.0554,0.0159,3.07E-05,0.318,0.756,130.041,259670
Arijit Singh,"Bekhayali (Arijit Singh Version) [From ""Kabir Singh""]",0.265,0.58,9,-4.767,0,0.0491,0.491,0,0.243,0.345,172.121,370444
Dhvani Bhanushali,Vaaste,0.444,0.479,5,-5.586,1,0.0436,0.454,0,0.095,0.315,89.892,196044
Various Artists,Kaise Hua,0.385,0.464,2,-6.975,1,0.0404,0.452,0,0.109,0.15,137.839,234722
Various Artists,Valentine Mashup 2019 - DJ Notorious & Lijo George,0.707,0.727,7,-4.151,1,0.0304,0.271,9.45E-06,0.26,0.5,95.987,240006
Gourov - Roshin,Tere Do Naina (feat. Ankit Tiwari),0.495,0.5,0,-9.048,1,0.0246,0.481,0.00493,0.3,0.224,80.023,229582
Pritam,"Main Agar (From ""Tubelight"")",0.589,0.811,1,-5.052,0,0.0429,0.473,0,0.114,0.166,119.969,279500
Justin Bieber,Yummy,0.687,0.514,9,-6.612,0,0.0897,0.366,0,0.116,0.494,145.921,210427
Justin Bieber,Mark My Words,0.383,0.256,0,-8.572,1,0.0332,0.88,2.69E-06,0.169,0.519,114.188,134347
Justin Bieber,All Around The World,0.689,0.816,3,-3.951,0,0.178,0.019,2.42E-06,0.181,0.775,127.958,244547
Kumar Sanu,"Chura Ke Dil Mera (From ""Main Khiladi Tu Anari"")",0.613,0.696,8,-9.486,0,0.0504,0.136,0.00222,0.053,0.874,122.056,474653
Vishal-Shekhar,Tujhe Bhula Diya,0.644,0.423,11,-8.702,0,0.0324,0.464,0,0.11,0.509,131.903,279429
Mohammed Rafi,"Maine Poochha Chand Se - From ""Abdullah""",0.455,0.418,1,-8.018,1,0.0319,0.648,0,0.0809,0.284,130.787,307373
Alisha Chinai,Made in India,0.778,0.641,11,-11.972,1,0.0422,0.00998,0.000416,0.0618,0.967,92.044,266800
Asha Bhosle,"Kitaben Bahut Si (From ""Baazigar"")",0.619,0.721,2,-7.53,0,0.0696,0.423,8.56E-05,0.0587,0.808,97.32,389387
Maninder Buttar,Ik Tera,0.826,0.712,11,-5.219,0,0.0727,0.095,0,0.105,0.49,93.029,160768
Nikk,Yaari,0.587,0.557,6,-8.824,1,0.106,0.427,0,0.103,0.395,159.914,177750
Harrdy Sandhu,Dance Like,0.862,0.818,0,-2.92,0,0.0957,0.38,0,0.301,0.543,100.066,171600
Baani Sandhu,8 Parche,0.652,0.862,8,-2.29,0,0.206,0.161,0,0.203,0.727,173.859,210000
Various Artists,"Illegal Weapon 2.0 (From ""Street Dancer 3D"")",0.805,0.919,1,-1.294,1,0.0938,0.101,0.00343,0.0598,0.494,94.993,188606
Karan Aujla,Chitta Kurta,0.834,0.738,8,-6.904,0,0.199,0.2,0,0.0797,0.656,89.99,217260
Jass Manak,Viah,0.533,0.757,7,-6.73,0,0.0453,0.00733,0,0.111,0.358,169.975,162441
Amrit Maan,Combination,0.856,0.867,11,-2.304,0,0.0854,0.212,0,0.116,0.549,100.694,242808
Deep Jandu,Bombay to Punjab,0.581,0.739,0,-4.953,1,0.369,0.117,0,0.0534,0.361,200.081,243298
The Kidd,Dhakka,0.734,0.715,4,-6.437,0,0.338,0.0857,1.00E-05,0.864,0.764,176.026,246818
Neha Kakkar,Wah Wai Wahh,0.804,0.905,2,-1.512,0,0.0517,0.415,5.49E-06,0.0741,0.715,98.055,176344
B Praak,Filhall,0.526,0.659,0,-4.14,0,0.0558,0.605,0,0.134,0.586,79.907,255000
Parmish Verma,4 Yaar,0.751,0.816,2,-4.073,0,0.111,0.0469,0,0.394,0.36,85.995,181755
Jassie Gill,Aukaat,0.572,0.524,5,-3.113,1,0.24,0.152,0,0.172,0.306,124.307,163492
Jassie Gill,Surma Kaala,0.73,0.806,2,-3.685,0,0.0642,0.0697,0,0.0838,0.511,97,211720
Inder Chahal,Gal Karke,0.753,0.702,8,-4.609,1,0.134,0.329,0,0.161,0.446,163.93,173382
Sunanda Sharma,"Mummy Nu Pasand (From ""Jai Mummy Di"")",0.776,0.969,8,-0.079,0,0.105,0.0149,0.000153,0.352,0.802,94.018,184609
Jassa Dhillon,Pyar Bolda,0.746,0.598,10,-6.538,0,0.0558,0.011,0,0.289,0.243,159.83,162375
Ammy Virk,Wang Da Naap,0.533,0.59,6,-5.641,0,0.0906,0.307,0,0.105,0.67,75.265,158983
Rajvir Jawanda,Kangani,0.714,0.868,2,-1.022,1,0.125,0.28,0,0.186,0.699,166.067,198000
Diljit Dosanjh,Jind Mahi,0.73,0.705,5,-4.358,0,0.0328,0.286,0,0.113,0.655,139.924,175000
Diljit Dosanjh,Gulabi Pagg,0.638,0.874,4,-2.941,0,0.115,0.195,0,0.308,0.686,80.88,170882
Sidhu Moose Wala,Sohne Lagde,0.589,0.716,2,-5.651,0,0.146,0.354,0,0.109,0.328,84.382,209453
Garry Sandhu,Illegal Weapon,0.814,0.666,6,-6.555,1,0.0635,0.488,4.23E-05,0.108,0.714,94.02,230000
Gurmeet Singh,Laung Laachi Title Track,0.714,0.818,0,-2.666,1,0.0416,0.502,0,0.133,0.742,97.999,160636
Jassie Gill,Nikle Currant,0.811,0.921,5,-3.152,0,0.117,0.182,0,0.823,0.756,94.98,212925
Pav Dharia,Na Ja,0.772,0.649,2,-6.411,1,0.143,0.0724,0,0.0761,0.824,90.072,208000
Badshah,She Move It Like,0.832,0.477,0,-6.949,1,0.0481,0.00725,6.47E-05,0.205,0.844,101.997,181765
Bilal Saeed,Adi Adi Raat,0.765,0.639,4,-5.182,0,0.0266,0.174,0,0.145,0.643,107.936,234097
Gregory Alan Isakov,San Luis,0.567,0.434,7,-12.755,0,0.0349,0.86,0.257,0.115,0.254,82.459,272347
David Keenan,Good Old Days,0.482,0.407,10,-8.585,0,0.0346,0.252,4.14E-06,0.1,0.258,130.33,318987
Darlingside,Hold Your Head Up High,0.375,0.261,9,-11.312,1,0.0288,0.539,0.0178,0.116,0.139,132.094,217360
Mick Flannery,Fool,0.366,0.556,11,-7.29,0,0.036,0.341,0.00111,0.205,0.276,90.021,216782
Yoke Lore,Beige,0.438,0.677,10,-7.535,1,0.135,0.381,0.0686,0.119,0.214,167.989,204209
Dermot Kennedy,Power Over Me - Acoustic,0.609,0.489,9,-6.001,0,0.0424,0.85,0,0.104,0.567,115.902,200436
Peter Bradley Adams,My Arms Were Always Around You,0.643,0.436,1,-12.245,1,0.0273,0.724,0.459,0.11,0.422,91.485,200800
Blanco White,Olalla,0.572,0.409,3,-11.384,1,0.0377,0.662,0.296,0.125,0.351,129.983,247373
Robert John Ardiff,Eskimo Coat,0.636,0.56,0,-8.52,0,0.027,0.482,0.00712,0.125,0.319,130.028,255568
Ray LaMontagne,Such A Simple Thing,0.522,0.256,10,-11.216,1,0.0258,0.86,0.000825,0.142,0.13,76.35,296387
The Barr Brothers,You Would Have to Lose Your Mind,0.344,0.447,6,-8.408,0,0.0254,0.173,0.723,0.12,0.242,88.678,381640
Villagers,A Trick of the Light,0.563,0.606,11,-8.159,1,0.0267,0.513,0.0391,0.132,0.425,150,248253
Ian Noe,Letter to Madeline,0.615,0.472,5,-8.638,0,0.0312,0.125,0,0.115,0.46,107.217,269083
Big Red Machine,I Won't Run From It,0.615,0.719,6,-8.194,0,0.0325,0.702,0.097,0.148,0.678,94.988,218787
Charlie Cunningham,You Sigh,0.629,0.451,6,-9.974,1,0.0284,0.852,0.06,0.141,0.681,90.965,178827
Nathaniel Rateliff & The Night Sweats,You Worry Me,0.666,0.646,2,-7.722,1,0.0268,0.124,0.286,0.095,0.664,100.05,214160
Birdtalker,Heavy,0.614,0.549,5,-6.986,1,0.0516,0.286,2.64E-06,0.142,0.258,77.926,264151
Katie Pruitt,Loving Her (OurVinyl Sessions),0.471,0.491,10,-13.037,1,0.0394,0.101,9.99E-05,0.216,0.475,79.411,364625
Nick Mulvey,Punta Cometa - Dancing For The Answers Alt Version,0.573,0.553,7,-11.031,1,0.0371,0.644,0.896,0.0878,0.567,122.313,216753
Quiet Arrows,Drift (Acoustic),0.901,0.531,9,-11.071,1,0.0778,0.396,0.0158,0.134,0.232,109.124,235449
A Blaze of Feather,Six Years,0.402,0.476,0,-8.823,1,0.0289,0.334,0.0701,0.0947,0.164,86.06,282147
The Last Revel,Blind in the Fray,0.489,0.513,0,-10.866,1,0.0305,0.241,0.000862,0.111,0.469,87.864,213360
Caamp,Peach Fuzz,0.709,0.644,1,-7.751,1,0.0356,0.158,0.000299,0.143,0.912,127.286,224360
Joy Williams,When Creation Was Young,0.491,0.401,0,-9.501,1,0.0325,0.83,5.25E-06,0.0819,0.292,96.488,209427
William Wild,Morning,0.384,0.393,2,-10.532,1,0.0293,0.877,0.00071,0.107,0.287,141.948,262571
Tyler Childers,All Your'n,0.585,0.55,11,-7.342,1,0.0255,0.408,3.97E-05,0.115,0.839,78.176,218280
S. Carey,Rose Petals,0.562,0.282,10,-11.956,1,0.0302,0.888,0.00297,0.0812,0.172,127.964,213667
Jill Andrews,Sorry Now,0.674,0.355,8,-11.398,1,0.0496,0.78,0.000571,0.109,0.24,75.07,192160
A.R. Rahman,Arziyan,0.582,0.559,9,-8.64,1,0.0479,0.297,0,0.135,0.656,139.891,519236
A.R. Rahman,Kun Faya Kun,0.362,0.378,1,-11.008,1,0.0329,0.679,0,0.091,0.575,87.549,470500
Various Artists,Mere Rashke Qamar,0.718,0.83,4,-5.488,0,0.0505,0.404,2.50E-05,0.124,0.771,105.012,220382
Vishal-Shekhar,Aas Paas Khuda,0.556,0.706,5,-5.709,1,0.0336,0.335,1.80E-06,0.137,0.726,80.008,319116
Pritam,"Ajj Din Chadheya (From ""Love Aaj Kal "")",0.585,0.687,9,-4.553,1,0.0724,0.551,6.70E-06,0.121,0.815,85.871,315013
Salim–Sulaiman,Maula Mere Lele Meri Jaan,0.636,0.41,7,-10.372,1,0.0277,0.941,0.000717,0.125,0.516,115.003,288366
Sohail Sen,Mann Kunto Maula,0.495,0.669,5,-6.329,1,0.037,0.0178,0,0.114,0.434,90.014,285962
Various Artists,Allah Ke Bande,0.543,0.44,7,-8.595,1,0.0597,0.795,0,0.224,0.726,125.53,246883
Shankar-Ehsaan-Loy,Murshid Khele Holi,0.431,0.78,5,-6.321,0,0.0886,0.313,0,0.36,0.759,103.809,453683
Various Artists,"Auliya (From ""Ungli"")",0.609,0.426,11,-7.9,0,0.0483,0.456,0,0.101,0.444,92.156,201402
Various Artists,"Bekaraan (From ""7 Khoon Maaf"")",0.392,0.444,11,-12.727,1,0.0386,0.804,0.00771,0.192,0.258,89.567,385987
Mithoon,"Humnava (From ""Hamari Adhuri Kahani"")",0.341,0.478,4,-7.201,0,0.041,0.781,2.07E-05,0.147,0.276,199.435,328854
Vishal-Shekhar,Jag Ghoomeya,0.484,0.565,11,-7.954,1,0.0347,0.479,2.13E-06,0.105,0.607,82.653,281992
Mithoon,Madno,0.512,0.647,5,-8.14,0,0.0411,0.539,0.000185,0.0697,0.537,135.925,504402
Salim–Sulaiman,O Re Piya,0.586,0.532,11,-8.837,0,0.0328,0.779,0.000565,0.124,0.494,99.994,379768
Kailash Kher,Saiyyan,0.473,0.562,0,-8.624,1,0.0451,0.65,0.000117,0.12,0.316,74.653,343907
Various Artists,"Teri Justajoo (From ""Teri Justajoo"") - Saaware",0.577,0.574,2,-8.686,1,0.0298,0.273,3.87E-06,0.314,0.27,134.007,277413
A.R. Rahman,Aise Na Dekho,0.543,0.239,9,-14.805,1,0.0308,0.653,0,0.138,0.226,132.261,256827
Krsna Solo,Old School Girl,0.646,0.458,8,-6.126,1,0.0292,0.801,1.16E-05,0.202,0.42,95.024,219023
A.R. Rahman,Tu Bole .Main Boloon,0.572,0.472,7,-8.741,1,0.0585,0.545,0.00082,0.18,0.235,130.028,273694
Amit Trivedi,Taarefon Se,0.605,0.437,2,-9.023,1,0.0293,0.76,0.00112,0.111,0.301,125.906,278239
Piyush Mishra,Idhar Gire - Studio,0.593,0.478,11,-6.32,1,0.037,0.427,0.000539,0.14,0.418,120.131,262896
A.R. Rahman,Rehna Tu,0.643,0.458,11,-11.502,0,0.0594,0.327,0.00394,0.0966,0.73,82.041,409275
Shankar-Ehsaan-Loy,Ye Tumhari Meri Baatein,0.351,0.552,5,-7.404,1,0.0273,0.393,0.000494,0.112,0.319,87.769,324058
Various Artists,Ye Mera Divanapan,0.612,0.394,11,-11.245,0,0.0382,0.304,0,0.0895,0.382,92.701,214200
Various Artists,Dil Ki Toh Lag Gayi,0.819,0.58,1,-5.341,0,0.0316,0.181,8.24E-05,0.0603,0.61,120.007,251584
Vishal Bhardwaj,Darling,0.829,0.735,2,-8.711,1,0.0882,0.0591,6.22E-05,0.0776,0.766,126.007,208093
Shankar-Ehsaan-Loy,Girls Like To Swing,0.839,0.869,0,-3.005,1,0.148,0.0817,0,0.323,0.605,125.026,243166
Sneha Khanwalkar,Ab Kya Bataun,0.432,0.378,8,-8.6,1,0.0692,0.678,4.40E-05,0.101,0.37,79.4,275251
Vishal Bhardwaj,Jab Bhi Ciggaret (Jazz),0.646,0.565,8,-8.191,0,0.202,0.432,0.000461,0.0618,0.784,150.196,281973
Shankar-Ehsaan-Loy,Bum Bum Bole,0.818,0.768,5,-7.057,1,0.231,0.135,0,0.68,0.445,120.972,335833
Various Artists,Main Hoon Ghatothkach (Child),0.644,0.873,2,-3.727,0,0.192,0.306,0.000352,0.406,0.949,205.967,138218
Salim–Sulaiman,Badal Pe Paon Hai,0.649,0.788,9,-9.607,1,0.0373,0.0717,0.00232,0.0936,0.869,104.999,243931
Pritam,Haanikaarak Bapu,0.629,0.837,7,-6.179,1,0.103,0.15,0.000479,0.0578,0.803,104.973,262857
Various Artists,Khuraafaat,0.743,0.252,8,-9.015,1,0.0793,0.672,0,0.111,0.546,117.016,111427
Pritam,Pink Gulaabi Sky,0.793,0.856,11,-4.926,0,0.0657,0.396,0,0.125,0.771,111.976,200274
Amit Trivedi,Udaan (Nadi Mein Talab Hai),0.574,0.759,9,-7.939,1,0.0411,0.132,0.016,0.132,0.0391,129.974,298382
Pritam,Chicken Kuk-Doo-Koo,0.505,0.82,9,-5.35,1,0.364,0.571,0,0.716,0.902,184.515,343147
Various Artists,Zindagi Dor Si/Nants' Ingonyama,0.436,0.511,10,-8.824,1,0.0437,0.395,0,0.214,0.474,83.916,241800
Various Artists,Aasmaan Ke Paar,0.784,0.501,9,-12.235,1,0.0416,0.362,0.0259,0.0847,0.931,134.895,375227
Amit Trivedi,Geet Mein Dhalte Lafzon Mein,0.632,0.63,9,-10.138,1,0.0326,0.406,0.00222,0.151,0.38,110.065,295928
Pritam,Galti Se Mistake,0.44,0.797,11,-4.395,0,0.224,0.0173,0,0.164,0.708,195.057,203077
Rohan Vinayak,Maths Mein Dabba Gul,0.824,0.801,2,-5.497,1,0.0396,0.583,0,0.104,0.815,138.033,178972
Pritam,Ullu Ka Pattha,0.745,0.891,4,-5.572,0,0.0421,0.359,0.0552,0.104,0.904,122.025,211177
Shankar-Ehsaan-Loy,Bheja Kum,0.738,0.727,9,-6.029,1,0.173,0.0569,0.000423,0.101,0.815,99.99,129351
A.R. Rahman,"Chhoti Si Aasha - Version, 1",0.639,0.245,2,-15.25,1,0.0479,0.128,4.69E-06,0.1,0.524,172.05,297347
Shankar-Ehsaan-Loy,Taare Zameen Par,0.567,0.383,4,-11.301,1,0.0342,0.421,0,0.0873,0.33,143.736,428499
Amit Trivedi,Gubbare,0.785,0.367,6,-10.605,1,0.0391,0.403,4.48E-05,0.0594,0.601,128,271655
Rajesh Roshan,Tare Asmaan Ke Dharti Pe,0.655,0.788,7,-9.419,1,0.0473,0.115,0.00592,0.312,0.83,111.959,330493
Various Artists,Mausam Ke Sargam Ko - Khamoshi - The Musical / Soundtrack Version,0.522,0.479,0,-11.747,1,0.0327,0.377,0.000833,0.311,0.579,78.066,387560
Benny Dayal,Kaise Mujhe,0.59,0.414,10,-12.391,1,0.0346,0.781,0.000522,0.146,0.292,82.002,343742
A.R. Rahman,Guzarish,0.595,0.624,9,-10.943,0,0.0603,0.0925,0,0.114,0.647,170.001,327030
Pritam,Aao Milo Chalo,0.507,0.787,7,-5.947,0,0.061,0.412,0,0.323,0.49,114.875,325934
Pritam,Tum Se Hi,0.609,0.538,6,-7.842,1,0.0273,0.328,0,0.125,0.608,130.007,321225
Shankar-Ehsaan-Loy,Maa,0.392,0.256,0,-13.147,1,0.0369,0.728,9.46E-05,0.0462,0.154,67.609,310665
Shankar-Ehsaan-Loy,Jaane Kyon Log Pyar,0.607,0.526,4,-9.111,1,0.066,0.0185,0.00173,0.227,0.341,190.019,289387
Shantanu Moitra,Behti Hawa Sa Tha Woh,0.61,0.468,0,-10.562,1,0.0393,0.37,1.80E-05,0.0958,0.403,139.978,299777
Vishal-Shekhar,Main Agar Kahoon,0.533,0.436,5,-7.521,0,0.0276,0.234,3.17E-06,0.46,0.371,146.868,308158
Vishal-Shekhar,Jag Soona Soona Lage,0.563,0.71,7,-6.212,1,0.0592,0.0663,0,0.105,0.262,133.873,329429
Shankar-Ehsaan-Loy,Mitwa,0.63,0.63,4,-7.525,1,0.0364,0.295,1.26E-05,0.0934,0.517,107.103,382973
Shantanu Moitra,Jaane Nahin Denge Tujhe,0.32,0.566,1,-5.83,1,0.077,0.54,0,0.101,0.517,80.982,210396
A.R. Rahman,Yeh Jo Des Hai Tera,0.64,0.357,1,-10.582,1,0.0321,0.433,1.37E-05,0.127,0.148,124.518,388107
Pritam,Baatein Kuch Ankahee Si - Unplugged,0.71,0.229,9,-9.756,1,0.0311,0.761,0,0.114,0.448,122.926,258800
Madan Mohan,Tere Liye,0.525,0.46,1,-8.594,0,0.0246,0.826,0.00202,0.139,0.33,98.007,331677
Badshah,"Garmi (From ""Street Dancer 3D"") (feat. Varun Dhawan)",0.788,0.87,9,-5.217,1,0.177,0.123,1.43E-05,0.0692,0.884,109.974,182739
Vishal,"Dus Bahane 2.0 (From ""Baaghi 3"") (feat. K.K., Shaan, Tulsi Kumar)",0.807,0.914,7,-5.092,1,0.069,0.0411,0.00105,0.292,0.463,114.039,201655
Various Artists,"Munna Badnaam Hua (From ""Dabangg 3"")",0.747,0.922,11,-3.694,0,0.111,0.0992,1.56E-05,0.305,0.86,128.879,246279
Yash Narvekar,"Muqabla (From ""Street Dancer 3D"")",0.804,0.913,0,-3.135,1,0.0933,0.0248,2.84E-05,0.391,0.544,119.993,176125
Tony Kakkar,"Dheeme Dheeme (From ""Pati Patni Aur Woh"")",0.8,0.972,10,-2.053,0,0.0405,0.15,0.00337,0.351,0.694,110.054,177383
Sohail Sen,"Shaitan Ka Saala (From ""Housefull 4"")",0.844,0.772,7,-4.621,1,0.194,0.284,2.38E-06,0.368,0.336,100.008,147395
B Praak,"Naah Goriye (From ""Bala"")",0.823,0.765,2,-1.695,0,0.0633,0.464,0,0.0601,0.715,99.96,184618
Sachin-Jigar,"Odhani (From ""Made in China"")",0.711,0.731,2,-6.651,1,0.0569,0.233,0,0.178,0.474,130,195397
Meet Bros.,Dil Ka Telephone,0.812,0.859,5,-3.367,0,0.165,0.513,0,0.174,0.793,102.022,209567
